uid,typeEvent,inference,startDate,endDate,duration
u03,Physical activity,0,2013-03-27 00:02:13,2013-03-27 07:06:40,25467
u03,Physical activity,3,2013-03-27 07:06:43,2013-03-27 07:06:53,10
u03,Physical activity,0,2013-03-27 07:06:56,2013-03-27 09:22:59,8163
u03,Physical activity,1,2013-03-27 09:23:01,2013-03-27 09:23:01,0
u03,Physical activity,3,2013-03-27 09:23:04,2013-03-27 09:23:17,13
u03,Physical activity,0,2013-03-27 09:23:19,2013-03-27 09:54:32,1873
u03,Physical activity,1,2013-03-27 09:54:35,2013-03-27 10:02:45,490
u03,Physical activity,0,2013-03-27 10:02:47,2013-03-27 11:06:22,3815
u03,Physical activity,1,2013-03-27 11:06:24,2013-03-27 11:11:05,281
u03,Physical activity,2,2013-03-27 11:11:08,2013-03-27 11:11:08,0
u03,Physical activity,1,2013-03-27 11:11:10,2013-03-27 11:14:16,186
u03,Physical activity,0,2013-03-27 11:14:18,2013-03-27 13:42:44,8906
u03,Physical activity,1,2013-03-27 13:42:47,2013-03-27 13:46:21,214
u03,Physical activity,0,2013-03-27 13:46:23,2013-03-27 14:46:21,3598
u03,Physical activity,1,2013-03-27 14:46:23,2013-03-27 14:50:28,245
u03,Physical activity,3,2013-03-27 14:50:31,2013-03-27 14:50:51,20
u03,Physical activity,1,2013-03-27 14:50:54,2013-03-27 14:58:20,446
u03,Physical activity,0,2013-03-27 14:58:22,2013-03-27 19:02:53,14671
u03,Physical activity,3,2013-03-27 19:02:56,2013-03-27 19:03:01,5
u03,Physical activity,0,2013-03-27 19:03:04,2013-03-27 19:03:09,5
u03,Physical activity,3,2013-03-27 19:03:11,2013-03-27 19:03:11,0
u03,Physical activity,0,2013-03-27 19:03:14,2013-03-27 19:03:14,0
u03,Physical activity,3,2013-03-27 19:03:17,2013-03-27 19:03:17,0
u03,Physical activity,0,2013-03-27 19:06:20,2013-03-28 11:39:17,59577
u03,Physical activity,1,2013-03-28 11:42:27,2013-03-28 11:46:27,240
u03,Physical activity,0,2013-03-28 11:46:29,2013-03-28 11:46:35,6
u03,Physical activity,1,2013-03-28 11:46:37,2013-03-28 11:50:26,229
u03,Physical activity,0,2013-03-28 11:50:29,2013-03-28 11:59:02,513
u03,Physical activity,1,2013-03-28 11:59:13,2013-03-28 12:02:21,188
u03,Physical activity,0,2013-03-28 12:02:26,2013-03-28 12:06:38,252
u03,Physical activity,3,2013-03-28 12:06:41,2013-03-28 12:06:43,2
u03,Physical activity,0,2013-03-28 12:06:46,2013-03-28 12:26:29,1183
u03,Physical activity,3,2013-03-28 12:26:31,2013-03-28 12:26:31,0
u03,Physical activity,0,2013-03-28 12:26:34,2013-03-28 12:26:39,5
u03,Physical activity,3,2013-03-28 12:26:42,2013-03-28 12:26:42,0
u03,Physical activity,0,2013-03-28 12:26:44,2013-03-28 12:26:47,3
u03,Physical activity,3,2013-03-28 12:27:00,2013-03-28 12:27:00,0
u03,Physical activity,0,2013-03-28 12:27:03,2013-03-28 12:54:24,1641
u03,Physical activity,1,2013-03-28 12:54:27,2013-03-28 12:58:36,249
u03,Physical activity,0,2013-03-28 12:58:39,2013-03-29 09:46:41,74882
u03,Physical activity,2,2013-03-29 09:46:44,2013-03-29 09:47:02,18
u03,Physical activity,1,2013-03-29 09:47:04,2013-03-29 09:47:07,3
u03,Physical activity,2,2013-03-29 09:47:10,2013-03-29 09:54:38,448
u03,Physical activity,0,2013-03-29 09:54:40,2013-03-29 10:19:02,1462
u03,Physical activity,1,2013-03-29 10:19:18,2013-03-29 10:19:18,0
u03,Physical activity,0,2013-03-29 10:19:20,2013-03-29 10:47:27,1687
u03,Physical activity,3,2013-03-29 10:47:29,2013-03-29 10:47:29,0
u03,Physical activity,0,2013-03-29 10:50:32,2013-03-29 11:06:41,969
u03,Physical activity,3,2013-03-29 11:06:44,2013-03-29 11:06:46,2
u03,Physical activity,0,2013-03-29 11:06:49,2013-03-29 11:06:49,0
u03,Physical activity,3,2013-03-29 11:06:51,2013-03-29 11:07:17,26
u03,Physical activity,0,2013-03-29 11:07:22,2013-03-29 11:07:25,3
u03,Physical activity,1,2013-03-29 11:07:27,2013-03-29 11:10:38,191
u03,Physical activity,2,2013-03-29 11:10:41,2013-03-29 11:14:37,236
u03,Physical activity,1,2013-03-29 11:14:40,2013-03-29 11:15:03,23
u03,Physical activity,0,2013-03-29 11:15:06,2013-03-29 11:15:16,10
u03,Physical activity,1,2013-03-29 11:15:19,2013-03-29 11:15:24,5
u03,Physical activity,0,2013-03-29 11:15:27,2013-03-29 11:15:32,5
u03,Physical activity,1,2013-03-29 11:18:34,2013-03-29 11:19:03,29
u03,Physical activity,0,2013-03-29 11:19:06,2013-03-29 13:31:07,7921
u03,Physical activity,1,2013-03-29 13:31:13,2013-03-29 13:31:13,0
u03,Physical activity,2,2013-03-29 13:31:15,2013-03-29 13:31:23,8
u03,Physical activity,1,2013-03-29 13:31:25,2013-03-29 13:35:33,248
u03,Physical activity,2,2013-03-29 13:38:35,2013-03-29 13:38:41,6
u03,Physical activity,0,2013-03-29 13:38:43,2013-03-29 14:51:18,4355
u03,Physical activity,1,2013-03-29 14:51:23,2013-03-29 14:59:04,461
u03,Physical activity,2,2013-03-29 14:59:07,2013-03-29 14:59:15,8
u03,Physical activity,1,2013-03-29 14:59:17,2013-03-29 15:06:46,449
u03,Physical activity,3,2013-03-29 15:06:48,2013-03-29 15:07:14,26
u03,Physical activity,0,2013-03-29 15:07:17,2013-03-29 15:07:22,5
u03,Physical activity,3,2013-03-29 15:07:24,2013-03-29 15:07:24,0
u03,Physical activity,0,2013-03-29 15:07:27,2013-03-29 15:10:48,201
u03,Physical activity,3,2013-03-29 15:10:51,2013-03-29 15:10:51,0
u03,Physical activity,0,2013-03-29 15:10:53,2013-03-29 15:11:19,26
u03,Physical activity,3,2013-03-29 15:11:22,2013-03-29 15:11:32,10
u03,Physical activity,0,2013-03-29 15:11:34,2013-03-29 15:11:37,3
u03,Physical activity,3,2013-03-29 15:14:40,2013-03-29 15:15:29,49
u03,Physical activity,0,2013-03-29 15:15:31,2013-03-29 21:58:49,24198
u03,Physical activity,3,2013-03-29 21:58:52,2013-03-29 21:58:57,5
u03,Physical activity,0,2013-03-29 21:59:02,2013-03-29 22:35:16,2174
u03,Physical activity,3,2013-03-29 22:35:19,2013-03-29 22:35:27,8
u03,Physical activity,0,2013-03-29 22:35:29,2013-03-30 12:06:54,48685
u03,Physical activity,3,2013-03-30 12:06:56,2013-03-30 12:07:04,8
u03,Physical activity,0,2013-03-30 12:07:07,2013-03-30 15:47:28,13221
u03,Physical activity,3,2013-03-30 15:47:31,2013-03-30 15:50:41,190
u03,Physical activity,0,2013-03-30 15:50:44,2013-03-30 21:39:37,20933
u03,Physical activity,3,2013-03-30 21:39:40,2013-03-30 21:42:47,187
u03,Physical activity,0,2013-03-30 21:42:50,2013-03-30 23:43:45,7255
u03,Physical activity,1,2013-03-30 23:43:48,2013-03-30 23:43:48,0
u03,Physical activity,0,2013-03-30 23:46:52,2013-03-31 01:19:25,5553
u03,Physical activity,3,2013-03-31 01:19:27,2013-03-31 01:19:43,16
u03,Physical activity,0,2013-03-31 01:19:45,2013-03-31 13:00:46,42061
u03,Physical activity,3,2013-03-31 13:00:49,2013-03-31 13:00:49,0
u03,Physical activity,0,2013-03-31 13:00:51,2013-03-31 15:52:00,10269
u03,Physical activity,3,2013-03-31 15:52:08,2013-03-31 15:52:08,0
u03,Physical activity,0,2013-03-31 15:52:11,2013-04-01 00:52:23,32412
u03,Physical activity,3,2013-04-01 00:52:26,2013-04-01 00:52:26,0
u03,Physical activity,0,2013-04-01 00:52:28,2013-04-01 00:52:28,0
u03,Physical activity,3,2013-04-01 00:52:31,2013-04-01 00:52:31,0
u03,Physical activity,0,2013-04-01 00:52:33,2013-04-01 00:57:09,276
u03,Physical activity,3,2013-04-01 00:57:12,2013-04-01 00:57:12,0
u03,Physical activity,0,2013-04-01 00:57:14,2013-04-01 00:57:14,0
u03,Physical activity,3,2013-04-01 00:57:17,2013-04-01 00:57:19,2
u03,Physical activity,0,2013-04-01 01:00:22,2013-04-01 01:00:48,26
u03,Physical activity,3,2013-04-01 01:00:51,2013-04-01 01:00:53,2
u03,Physical activity,0,2013-04-01 01:00:56,2013-04-01 08:09:15,25699
u03,Physical activity,3,2013-04-01 08:09:18,2013-04-01 08:12:26,188
u03,Physical activity,0,2013-04-01 08:12:28,2013-04-01 08:41:07,1719
u03,Physical activity,1,2013-04-01 08:41:09,2013-04-01 08:41:12,3
u03,Physical activity,2,2013-04-01 08:41:15,2013-04-01 08:41:20,5
u03,Physical activity,1,2013-04-01 08:44:23,2013-04-01 08:44:28,5
u03,Physical activity,0,2013-04-01 08:44:30,2013-04-01 08:45:04,34
u03,Physical activity,3,2013-04-01 08:45:06,2013-04-01 08:45:09,3
u03,Physical activity,0,2013-04-01 08:45:11,2013-04-01 10:28:46,6215
u03,Physical activity,3,2013-04-01 10:28:48,2013-04-01 10:28:51,3
u03,Physical activity,0,2013-04-01 10:28:53,2013-04-01 10:28:53,0
u03,Physical activity,3,2013-04-01 10:28:56,2013-04-01 10:28:56,0
u03,Physical activity,0,2013-04-01 10:29:01,2013-04-01 11:12:28,2607
u03,Physical activity,1,2013-04-01 11:12:31,2013-04-01 11:20:38,487
u03,Physical activity,3,2013-04-01 11:20:41,2013-04-01 11:20:43,2
u03,Physical activity,0,2013-04-01 11:20:46,2013-04-01 11:21:09,23
u03,Physical activity,3,2013-04-01 11:21:11,2013-04-01 11:24:30,199
u03,Physical activity,1,2013-04-01 11:24:32,2013-04-01 11:24:40,8
u03,Physical activity,3,2013-04-01 11:24:43,2013-04-01 11:24:45,2
u03,Physical activity,1,2013-04-01 11:24:48,2013-04-01 11:24:56,8
u03,Physical activity,0,2013-04-01 11:24:58,2013-04-01 11:24:58,0
u03,Physical activity,3,2013-04-01 11:25:01,2013-04-01 11:25:03,2
u03,Physical activity,0,2013-04-01 11:25:06,2013-04-01 11:25:16,10
u03,Physical activity,3,2013-04-01 11:25:19,2013-04-01 11:28:29,190
u03,Physical activity,0,2013-04-01 11:28:32,2013-04-01 12:33:02,3870
u03,Physical activity,1,2013-04-01 12:33:04,2013-04-01 12:33:15,11
u03,Physical activity,0,2013-04-01 12:33:17,2013-04-01 13:08:38,2121
u03,Physical activity,1,2013-04-01 13:08:54,2013-04-01 13:12:49,235
u03,Physical activity,0,2013-04-01 13:12:51,2013-04-01 13:13:22,31
u03,Physical activity,1,2013-04-01 13:13:25,2013-04-01 13:16:53,208
u03,Physical activity,0,2013-04-01 13:16:56,2013-04-01 13:40:52,1436
u03,Physical activity,3,2013-04-01 13:40:55,2013-04-01 13:41:00,5
u03,Physical activity,0,2013-04-01 13:41:02,2013-04-01 13:44:31,209
u03,Physical activity,1,2013-04-01 13:44:34,2013-04-01 13:44:57,23
u03,Physical activity,0,2013-04-01 13:44:59,2013-04-01 14:52:38,4059
u03,Physical activity,1,2013-04-01 14:52:40,2013-04-01 14:53:11,31
u03,Physical activity,0,2013-04-01 14:53:14,2013-04-01 14:53:24,10
u03,Physical activity,1,2013-04-01 14:53:27,2013-04-01 14:57:13,226
u03,Physical activity,0,2013-04-01 14:57:16,2013-04-01 15:00:32,196
u03,Physical activity,1,2013-04-01 15:00:34,2013-04-01 15:04:37,243
u03,Physical activity,0,2013-04-01 15:04:39,2013-04-02 11:52:46,74887
u03,Physical activity,3,2013-04-02 11:52:49,2013-04-02 11:56:38,229
u03,Physical activity,0,2013-04-02 11:56:41,2013-04-03 00:21:58,44717
u03,Physical activity,1,2013-04-03 00:22:03,2013-04-03 00:22:11,8
u03,Physical activity,0,2013-04-03 00:22:14,2013-04-03 09:50:40,34106
u03,Physical activity,1,2013-04-03 09:50:42,2013-04-03 09:55:08,266
u03,Physical activity,0,2013-04-03 09:55:13,2013-04-03 11:10:38,4525
u03,Physical activity,2,2013-04-03 11:10:40,2013-04-03 11:14:43,243
u03,Physical activity,1,2013-04-03 11:14:45,2013-04-03 11:22:49,484
u03,Physical activity,2,2013-04-03 11:22:52,2013-04-03 11:22:52,0
u03,Physical activity,3,2013-04-03 11:22:55,2013-04-03 11:22:55,0
u03,Physical activity,1,2013-04-03 11:22:57,2013-04-03 11:23:07,10
u03,Physical activity,0,2013-04-03 11:23:10,2013-04-03 11:23:23,13
u03,Physical activity,1,2013-04-03 11:23:25,2013-04-03 11:23:28,3
u03,Physical activity,0,2013-04-03 11:23:31,2013-04-03 11:23:31,0
u03,Physical activity,1,2013-04-03 11:23:33,2013-04-03 11:26:36,183
u03,Physical activity,0,2013-04-03 11:26:39,2013-04-03 11:26:39,0
u03,Physical activity,1,2013-04-03 11:26:41,2013-04-03 11:26:47,6
u03,Physical activity,0,2013-04-03 11:26:49,2013-04-03 11:26:59,10
u03,Physical activity,1,2013-04-03 11:27:02,2013-04-03 11:27:17,15
u03,Physical activity,3,2013-04-03 11:27:20,2013-04-03 11:27:23,3
u03,Physical activity,0,2013-04-03 11:27:25,2013-04-03 11:27:30,5
u03,Physical activity,1,2013-04-03 11:27:33,2013-04-03 11:30:46,193
u03,Physical activity,0,2013-04-03 11:30:49,2013-04-03 11:31:04,15
u03,Physical activity,1,2013-04-03 11:31:07,2013-04-03 11:31:09,2
u03,Physical activity,0,2013-04-03 11:31:12,2013-04-03 11:34:41,209
u03,Physical activity,1,2013-04-03 11:34:48,2013-04-03 11:35:01,13
u03,Physical activity,3,2013-04-03 11:35:04,2013-04-03 11:35:04,0
u03,Physical activity,0,2013-04-03 11:35:11,2013-04-03 13:26:56,6705
u03,Physical activity,1,2013-04-03 13:26:59,2013-04-03 13:27:19,20
u03,Physical activity,0,2013-04-03 13:27:22,2013-04-03 13:30:40,198
u03,Physical activity,2,2013-04-03 13:30:43,2013-04-03 13:31:14,31
u03,Physical activity,1,2013-04-03 13:31:16,2013-04-03 13:31:24,8
u03,Physical activity,2,2013-04-03 13:31:27,2013-04-03 13:31:35,8
u03,Physical activity,1,2013-04-03 13:31:37,2013-04-03 13:34:45,188
u03,Physical activity,2,2013-04-03 13:34:48,2013-04-03 13:34:53,5
u03,Physical activity,1,2013-04-03 13:34:56,2013-04-03 13:35:01,5
u03,Physical activity,2,2013-04-03 13:35:03,2013-04-03 13:35:16,13
u03,Physical activity,1,2013-04-03 13:35:19,2013-04-03 13:35:34,15
u03,Physical activity,0,2013-04-03 13:35:37,2013-04-03 13:42:42,425
u03,Physical activity,1,2013-04-03 13:42:45,2013-04-03 13:43:31,46
u03,Physical activity,0,2013-04-03 13:43:36,2013-04-03 14:54:58,4282
u03,Physical activity,3,2013-04-03 14:55:04,2013-04-03 14:55:04,0
u03,Physical activity,0,2013-04-03 14:55:06,2013-04-03 14:55:06,0
u03,Physical activity,3,2013-04-03 14:55:09,2013-04-03 14:55:14,5
u03,Physical activity,0,2013-04-03 14:55:16,2013-04-03 14:58:45,209
u03,Physical activity,1,2013-04-03 14:58:48,2013-04-03 14:58:53,5
u03,Physical activity,3,2013-04-03 14:58:55,2013-04-03 14:58:55,0
u03,Physical activity,1,2013-04-03 14:58:58,2013-04-03 15:06:47,469
u03,Physical activity,2,2013-04-03 15:06:49,2013-04-03 15:07:00,11
u03,Physical activity,1,2013-04-03 15:07:02,2013-04-03 15:07:20,18
u03,Physical activity,2,2013-04-03 15:07:23,2013-04-03 15:10:46,203
u03,Physical activity,1,2013-04-03 15:10:49,2013-04-03 15:14:43,234
u03,Physical activity,0,2013-04-03 15:14:46,2013-04-05 09:35:46,66060
u03,Physical activity,3,2013-04-05 09:35:49,2013-04-05 09:35:57,8
u03,Physical activity,1,2013-04-05 09:35:59,2013-04-05 09:36:28,29
u03,Physical activity,2,2013-04-05 09:36:30,2013-04-05 09:36:33,3
u03,Physical activity,1,2013-04-05 09:39:36,2013-04-05 09:44:09,273
u03,Physical activity,0,2013-04-05 09:44:12,2013-04-05 11:07:42,5010
u03,Physical activity,1,2013-04-05 11:07:44,2013-04-05 11:11:59,255
u03,Physical activity,2,2013-04-05 11:12:02,2013-04-05 11:12:04,2
u03,Physical activity,1,2013-04-05 11:12:07,2013-04-05 11:12:28,21
u03,Physical activity,0,2013-04-05 11:12:30,2013-04-05 11:15:47,197
u03,Physical activity,1,2013-04-05 11:15:50,2013-04-05 11:16:00,10
u03,Physical activity,0,2013-04-05 11:16:08,2013-04-05 11:16:28,20
u03,Physical activity,1,2013-04-05 11:16:31,2013-04-05 11:16:33,2
u03,Physical activity,3,2013-04-05 11:16:36,2013-04-05 11:19:44,188
u03,Physical activity,0,2013-04-05 11:19:47,2013-04-05 13:43:53,8646
u03,Physical activity,1,2013-04-05 13:43:55,2013-04-05 13:47:47,232
u03,Physical activity,0,2013-04-05 13:47:50,2013-04-05 14:55:43,4073
u03,Physical activity,1,2013-04-05 14:55:46,2013-04-05 15:03:47,481
u03,Physical activity,0,2013-04-05 15:03:50,2013-04-06 08:15:56,61926
u03,Physical activity,1,2013-04-06 08:16:01,2013-04-06 08:16:17,16
u03,Physical activity,0,2013-04-06 08:16:19,2013-04-06 08:56:13,2394
u03,Physical activity,1,2013-04-06 08:56:19,2013-04-06 08:56:34,15
u03,Physical activity,2,2013-04-06 08:56:37,2013-04-06 08:56:37,0
u03,Physical activity,1,2013-04-06 08:56:39,2013-04-06 08:59:52,193
u03,Physical activity,0,2013-04-06 08:59:55,2013-04-06 09:00:18,23
u03,Physical activity,3,2013-04-06 09:00:21,2013-04-06 09:00:31,10
u03,Physical activity,1,2013-04-06 09:00:39,2013-04-06 09:08:00,441
u03,Physical activity,3,2013-04-06 09:08:02,2013-04-06 09:08:13,11
u03,Physical activity,0,2013-04-06 09:08:15,2013-04-06 09:08:18,3
u03,Physical activity,3,2013-04-06 09:08:20,2013-04-06 09:08:20,0
u03,Physical activity,0,2013-04-06 09:08:23,2013-04-06 09:08:25,2
u03,Physical activity,3,2013-04-06 09:08:28,2013-04-06 09:11:46,198
u03,Physical activity,0,2013-04-06 09:11:52,2013-04-06 09:12:23,31
u03,Physical activity,3,2013-04-06 09:12:25,2013-04-06 09:12:25,0
u03,Physical activity,0,2013-04-06 09:12:28,2013-04-06 09:16:20,232
u03,Physical activity,3,2013-04-06 09:16:22,2013-04-06 09:16:32,10
u03,Physical activity,0,2013-04-06 09:16:35,2013-04-06 09:16:35,0
u03,Physical activity,3,2013-04-06 09:16:38,2013-04-06 09:16:43,5
u03,Physical activity,0,2013-04-06 09:16:45,2013-04-06 09:16:45,0
u03,Physical activity,3,2013-04-06 09:19:48,2013-04-06 09:19:51,3
u03,Physical activity,0,2013-04-06 09:19:53,2013-04-06 09:19:56,3
u03,Physical activity,3,2013-04-06 09:19:59,2013-04-06 09:19:59,0
u03,Physical activity,0,2013-04-06 09:20:01,2013-04-06 09:20:42,41
u03,Physical activity,3,2013-04-06 09:20:45,2013-04-06 09:20:45,0
u03,Physical activity,1,2013-04-06 09:23:51,2013-04-06 09:24:32,41
u03,Physical activity,0,2013-04-06 09:24:34,2013-04-06 09:27:55,201
u03,Physical activity,1,2013-04-06 09:27:58,2013-04-06 09:36:02,484
u03,Physical activity,0,2013-04-06 09:36:07,2013-04-06 09:36:20,13
u03,Physical activity,1,2013-04-06 09:36:23,2013-04-06 09:36:36,13
u03,Physical activity,0,2013-04-06 09:36:38,2013-04-06 09:36:38,0
u03,Physical activity,3,2013-04-06 09:36:41,2013-04-06 09:39:57,196
u03,Physical activity,1,2013-04-06 09:39:59,2013-04-06 09:43:59,240
u03,Physical activity,3,2013-04-06 09:44:01,2013-04-06 09:44:07,6
u03,Physical activity,1,2013-04-06 09:44:09,2013-04-06 09:44:25,16
u03,Physical activity,3,2013-04-06 09:44:27,2013-04-06 09:44:27,0
u03,Physical activity,1,2013-04-06 09:44:30,2013-04-06 09:48:40,250
u03,Physical activity,3,2013-04-06 09:48:42,2013-04-06 09:51:48,186
u03,Physical activity,0,2013-04-06 09:51:51,2013-04-06 09:51:56,5
u03,Physical activity,3,2013-04-06 09:51:58,2013-04-06 09:52:19,21
u03,Physical activity,0,2013-04-06 09:52:21,2013-04-06 09:56:24,243
u03,Physical activity,1,2013-04-06 09:56:34,2013-04-06 09:56:34,0
u03,Physical activity,0,2013-04-06 09:56:39,2013-04-06 10:00:15,216
u03,Physical activity,1,2013-04-06 10:00:26,2013-04-06 10:00:39,13
u03,Physical activity,0,2013-04-06 10:00:41,2013-04-06 10:03:57,196
u03,Physical activity,3,2013-04-06 10:04:00,2013-04-06 10:04:13,13
u03,Physical activity,2,2013-04-06 10:04:15,2013-04-06 10:04:20,5
u03,Physical activity,3,2013-04-06 10:04:23,2013-04-06 10:04:23,0
u03,Physical activity,2,2013-04-06 10:04:25,2013-04-06 10:04:41,16
u03,Physical activity,1,2013-04-06 10:04:43,2013-04-06 10:04:43,0
u03,Physical activity,3,2013-04-06 10:04:46,2013-04-06 10:07:54,188
u03,Physical activity,0,2013-04-06 10:07:57,2013-04-06 10:07:57,0
u03,Physical activity,3,2013-04-06 10:07:59,2013-04-06 10:08:23,24
u03,Physical activity,0,2013-04-06 10:08:25,2013-04-06 10:08:35,10
u03,Physical activity,3,2013-04-06 10:08:38,2013-04-06 10:11:59,201
u03,Physical activity,0,2013-04-06 10:12:01,2013-04-06 10:12:01,0
u03,Physical activity,3,2013-04-06 10:12:04,2013-04-06 10:15:51,227
u03,Physical activity,0,2013-04-06 10:15:53,2013-04-06 10:16:27,34
u03,Physical activity,3,2013-04-06 10:16:29,2013-04-06 10:16:40,11
u03,Physical activity,0,2013-04-06 10:16:42,2013-04-06 10:19:48,186
u03,Physical activity,1,2013-04-06 10:19:53,2013-04-06 10:23:50,237
u03,Physical activity,0,2013-04-06 10:23:52,2013-04-06 13:11:53,10081
u03,Physical activity,1,2013-04-06 13:11:55,2013-04-06 13:15:58,243
u03,Physical activity,0,2013-04-06 13:16:00,2013-04-06 19:00:07,20647
u03,Physical activity,3,2013-04-06 19:00:10,2013-04-06 19:00:30,20
u03,Physical activity,0,2013-04-06 19:00:33,2013-04-06 19:00:33,0
u03,Physical activity,1,2013-04-06 19:00:35,2013-04-06 19:03:59,204
u03,Physical activity,0,2013-04-06 19:04:01,2013-04-07 10:12:06,54485
u03,Physical activity,3,2013-04-07 10:12:09,2013-04-07 10:12:37,28
u03,Physical activity,0,2013-04-07 10:12:39,2013-04-08 09:57:34,85495
u03,Physical activity,1,2013-04-08 09:57:37,2013-04-08 10:05:33,476
u03,Physical activity,0,2013-04-08 10:05:36,2013-04-08 11:09:43,3847
u03,Physical activity,1,2013-04-08 11:09:46,2013-04-08 11:09:48,2
u03,Physical activity,3,2013-04-08 11:09:51,2013-04-08 11:10:11,20
u03,Physical activity,0,2013-04-08 11:10:14,2013-04-08 11:10:29,15
u03,Physical activity,3,2013-04-08 11:10:32,2013-04-08 11:13:38,186
u03,Physical activity,1,2013-04-08 11:13:40,2013-04-08 11:18:03,263
u03,Physical activity,0,2013-04-08 11:18:06,2013-04-08 13:42:18,8652
u03,Physical activity,1,2013-04-08 13:42:20,2013-04-08 13:42:28,8
u03,Physical activity,0,2013-04-08 13:42:31,2013-04-08 14:53:58,4287
u03,Physical activity,1,2013-04-08 14:54:17,2013-04-08 15:18:01,1424
u03,Physical activity,0,2013-04-08 15:18:04,2013-04-08 15:18:14,10
u03,Physical activity,3,2013-04-08 15:18:17,2013-04-08 15:18:19,2
u03,Physical activity,1,2013-04-08 15:18:22,2013-04-08 15:21:46,204
u03,Physical activity,3,2013-04-08 15:21:48,2013-04-08 15:22:04,16
u03,Physical activity,0,2013-04-08 15:22:06,2013-04-08 15:22:22,16
u03,Physical activity,3,2013-04-08 15:22:24,2013-04-08 15:25:45,201
u03,Physical activity,0,2013-04-08 15:25:50,2013-04-08 15:26:01,11
u03,Physical activity,3,2013-04-08 15:26:03,2013-04-08 15:26:16,13
u03,Physical activity,1,2013-04-08 15:26:19,2013-04-08 15:26:29,10
u03,Physical activity,0,2013-04-08 15:26:32,2013-04-08 15:26:32,0
u03,Physical activity,3,2013-04-08 15:26:34,2013-04-08 15:29:40,186
u03,Physical activity,1,2013-04-08 15:29:42,2013-04-08 15:41:46,724
u03,Physical activity,0,2013-04-08 15:41:49,2013-04-08 16:02:30,1241
u03,Physical activity,1,2013-04-08 16:02:33,2013-04-08 16:05:46,193
u03,Physical activity,0,2013-04-08 16:05:49,2013-04-08 16:06:33,44
u03,Physical activity,3,2013-04-08 16:06:35,2013-04-08 16:09:39,184
u03,Physical activity,0,2013-04-08 16:09:42,2013-04-08 20:34:24,15882
u03,Physical activity,1,2013-04-08 20:34:26,2013-04-08 20:34:26,0
u03,Physical activity,0,2013-04-08 20:34:29,2013-04-08 20:34:29,0
u03,Physical activity,1,2013-04-08 20:34:31,2013-04-08 20:34:31,0
u03,Physical activity,0,2013-04-08 20:34:34,2013-04-08 22:46:35,7921
u03,Physical activity,3,2013-04-08 22:49:38,2013-04-08 22:49:48,10
u03,Physical activity,0,2013-04-08 22:49:51,2013-04-10 09:54:39,39888
u03,Physical activity,1,2013-04-10 09:54:42,2013-04-10 09:58:26,224
u03,Physical activity,0,2013-04-10 09:58:29,2013-04-10 09:58:39,10
u03,Physical activity,3,2013-04-10 09:58:42,2013-04-10 09:58:49,7
u03,Physical activity,0,2013-04-10 09:58:52,2013-04-10 11:10:46,4314
u03,Physical activity,1,2013-04-10 11:10:48,2013-04-10 11:15:11,263
u03,Physical activity,0,2013-04-10 11:15:14,2013-04-10 11:27:07,713
u03,Physical activity,1,2013-04-10 11:27:10,2013-04-10 11:27:13,3
u03,Physical activity,0,2013-04-10 11:27:15,2013-04-10 11:30:40,205
u03,Physical activity,1,2013-04-10 11:30:43,2013-04-10 11:34:27,224
u03,Physical activity,0,2013-04-10 11:34:30,2013-04-10 11:38:40,250
u03,Physical activity,3,2013-04-10 11:38:42,2013-04-10 11:38:42,0
u03,Physical activity,0,2013-04-10 11:38:45,2013-04-10 11:39:21,36
u03,Physical activity,3,2013-04-10 11:42:29,2013-04-10 11:42:29,0
u03,Physical activity,0,2013-04-10 11:42:32,2013-04-10 13:42:31,7199
u03,Physical activity,1,2013-04-10 13:42:36,2013-04-10 13:43:09,33
u03,Physical activity,0,2013-04-10 13:43:12,2013-04-10 14:46:30,3798
u03,Physical activity,1,2013-04-10 14:46:33,2013-04-10 14:54:35,482
u03,Physical activity,0,2013-04-10 14:54:37,2013-04-13 11:38:07,74610
u03,Physical activity,1,2013-04-13 11:38:10,2013-04-13 11:42:15,245
u03,Physical activity,0,2013-04-13 11:42:18,2013-04-13 11:42:25,7
u03,Physical activity,1,2013-04-13 11:42:28,2013-04-13 11:50:02,454
u03,Physical activity,0,2013-04-13 11:50:04,2013-04-13 11:50:17,13
u03,Physical activity,3,2013-04-13 11:50:20,2013-04-13 11:50:25,5
u03,Physical activity,1,2013-04-13 11:50:43,2013-04-13 11:50:43,0
u03,Physical activity,0,2013-04-13 11:50:46,2013-04-13 14:05:59,8113
u03,Physical activity,1,2013-04-13 14:06:07,2013-04-13 14:06:49,42
u03,Physical activity,0,2013-04-13 14:06:51,2013-04-13 14:54:11,2840
u03,Physical activity,3,2013-04-13 14:54:14,2013-04-13 14:54:17,3
u03,Physical activity,0,2013-04-13 14:54:19,2013-04-13 14:54:19,0
u03,Physical activity,3,2013-04-13 14:54:22,2013-04-13 14:54:22,0
u03,Physical activity,0,2013-04-13 14:54:27,2013-04-13 18:06:03,11496
u03,Physical activity,1,2013-04-13 18:06:05,2013-04-13 18:06:23,18
u03,Physical activity,2,2013-04-13 18:06:26,2013-04-13 18:06:31,5
u03,Physical activity,1,2013-04-13 18:06:34,2013-04-13 18:14:07,453
u03,Physical activity,0,2013-04-13 18:14:10,2013-04-13 18:18:09,239
u03,Physical activity,3,2013-04-13 18:18:12,2013-04-13 18:18:53,41
u03,Physical activity,0,2013-04-13 18:22:04,2013-04-13 19:42:44,4840
u03,Physical activity,1,2013-04-13 19:42:47,2013-04-13 19:46:05,198
u03,Physical activity,0,2013-04-13 19:46:08,2013-04-14 08:42:34,46586
u03,Physical activity,3,2013-04-14 08:42:37,2013-04-14 08:42:40,3
u03,Physical activity,0,2013-04-14 08:42:42,2013-04-14 13:42:29,17987
u03,Physical activity,1,2013-04-14 13:42:32,2013-04-14 13:42:32,0
u03,Physical activity,0,2013-04-14 13:42:37,2013-04-14 15:02:15,4778
u03,Physical activity,1,2013-04-14 15:02:18,2013-04-14 15:02:26,8
u03,Physical activity,3,2013-04-14 15:02:28,2013-04-14 15:02:44,16
u03,Physical activity,0,2013-04-14 15:02:46,2013-04-14 17:38:20,9334
u03,Physical activity,3,2013-04-14 17:38:23,2013-04-14 17:38:23,0
u03,Physical activity,0,2013-04-14 17:38:31,2013-04-14 17:42:07,216
u03,Physical activity,3,2013-04-14 17:42:10,2013-04-14 17:42:12,2
u03,Physical activity,0,2013-04-14 17:42:15,2013-04-15 13:34:20,71525
u03,Physical activity,1,2013-04-15 13:34:23,2013-04-15 13:34:33,10
u03,Physical activity,2,2013-04-15 13:34:35,2013-04-15 13:35:09,34
u03,Physical activity,1,2013-04-15 13:35:12,2013-04-15 13:38:35,203
u03,Physical activity,2,2013-04-15 13:38:38,2013-04-15 13:38:48,10
u03,Physical activity,1,2013-04-15 13:38:51,2013-04-15 13:38:56,5
u03,Physical activity,2,2013-04-15 13:38:58,2013-04-15 13:39:11,13
u03,Physical activity,1,2013-04-15 13:42:22,2013-04-15 13:42:32,10
u03,Physical activity,2,2013-04-15 13:42:35,2013-04-15 13:42:45,10
u03,Physical activity,1,2013-04-15 13:42:48,2013-04-15 13:46:21,213
u03,Physical activity,0,2013-04-15 13:46:24,2013-04-15 14:54:20,4076
u03,Physical activity,1,2013-04-15 14:54:23,2013-04-15 15:10:52,989
u03,Physical activity,3,2013-04-15 15:10:55,2013-04-15 15:10:57,2
u03,Physical activity,1,2013-04-15 15:11:00,2013-04-15 15:14:16,196
u03,Physical activity,3,2013-04-15 15:14:18,2013-04-15 15:14:39,21
u03,Physical activity,0,2013-04-15 15:14:42,2013-04-15 15:15:00,18
u03,Physical activity,3,2013-04-15 15:15:02,2013-04-15 15:15:13,11
u03,Physical activity,0,2013-04-15 15:18:16,2013-04-15 15:18:18,2
u03,Physical activity,1,2013-04-15 15:18:28,2013-04-15 15:22:20,232
u03,Physical activity,0,2013-04-15 15:22:23,2013-04-15 15:23:02,39
u03,Physical activity,3,2013-04-15 15:23:04,2013-04-15 15:23:07,3
u03,Physical activity,0,2013-04-15 15:23:09,2013-04-15 15:23:09,0
u03,Physical activity,3,2013-04-15 15:23:12,2013-04-15 15:23:12,0
u03,Physical activity,0,2013-04-15 15:23:15,2013-04-15 15:26:28,193
u03,Physical activity,3,2013-04-15 15:26:30,2013-04-15 15:26:51,21
u03,Physical activity,0,2013-04-15 15:26:53,2013-04-15 15:27:01,8
u03,Physical activity,3,2013-04-15 15:27:04,2013-04-15 15:27:06,2
u03,Physical activity,1,2013-04-15 15:27:09,2013-04-15 15:30:19,190
u03,Physical activity,0,2013-04-15 15:30:22,2013-04-17 09:56:00,66338
u03,Physical activity,1,2013-04-17 09:56:02,2013-04-17 10:00:25,263
u03,Physical activity,0,2013-04-17 10:00:28,2013-04-17 10:12:53,745
u03,Physical activity,3,2013-04-17 10:12:55,2013-04-17 10:15:58,183
u03,Physical activity,0,2013-04-17 10:16:01,2013-04-17 10:16:50,49
u03,Physical activity,1,2013-04-17 10:16:55,2013-04-17 10:20:05,190
u03,Physical activity,0,2013-04-17 10:20:08,2013-04-17 10:20:21,13
u03,Physical activity,3,2013-04-17 10:20:23,2013-04-17 10:20:23,0
u03,Physical activity,0,2013-04-17 10:20:26,2013-04-17 10:20:26,0
u03,Physical activity,3,2013-04-17 10:20:28,2013-04-17 10:24:00,212
u03,Physical activity,0,2013-04-17 10:24:02,2013-04-17 10:24:46,44
u03,Physical activity,3,2013-04-17 10:24:49,2013-04-17 10:31:59,430
u03,Physical activity,0,2013-04-17 10:32:01,2013-04-17 10:32:04,3
u03,Physical activity,3,2013-04-17 10:32:07,2013-04-17 10:32:30,23
u03,Physical activity,2,2013-04-17 10:32:32,2013-04-17 10:32:32,0
u03,Physical activity,3,2013-04-17 10:32:43,2013-04-17 10:32:43,0
u03,Physical activity,0,2013-04-17 10:32:45,2013-04-17 10:36:06,201
u03,Physical activity,3,2013-04-17 10:36:09,2013-04-17 10:36:11,2
u03,Physical activity,1,2013-04-17 10:36:14,2013-04-17 10:36:17,3
u03,Physical activity,2,2013-04-17 10:36:19,2013-04-17 10:36:22,3
u03,Physical activity,1,2013-04-17 10:36:24,2013-04-17 10:36:24,0
u03,Physical activity,0,2013-04-17 10:36:29,2013-04-17 10:40:06,217
u03,Physical activity,1,2013-04-17 10:40:08,2013-04-17 10:44:21,253
u03,Physical activity,3,2013-04-17 10:44:23,2013-04-17 10:44:39,16
u03,Physical activity,1,2013-04-17 10:44:47,2013-04-17 10:48:39,232
u03,Physical activity,3,2013-04-17 10:48:41,2013-04-17 10:48:41,0
u03,Physical activity,1,2013-04-17 10:48:44,2013-04-17 10:48:54,10
u03,Physical activity,3,2013-04-17 10:48:57,2013-04-17 10:52:07,190
u03,Physical activity,0,2013-04-17 10:52:10,2013-04-17 10:52:12,2
u03,Physical activity,3,2013-04-17 10:52:17,2013-04-17 10:52:33,16
u03,Physical activity,1,2013-04-17 10:52:36,2013-04-17 10:52:56,20
u03,Physical activity,3,2013-04-17 10:55:59,2013-04-17 10:56:09,10
u03,Physical activity,1,2013-04-17 10:56:14,2013-04-17 10:56:32,18
u03,Physical activity,3,2013-04-17 10:56:35,2013-04-17 10:56:53,18
u03,Physical activity,0,2013-04-17 10:56:56,2013-04-17 11:00:01,185
u03,Physical activity,1,2013-04-17 11:00:04,2013-04-17 11:00:37,33
u03,Physical activity,0,2013-04-17 11:00:40,2013-04-17 11:04:06,206
u03,Physical activity,2,2013-04-17 11:04:08,2013-04-17 11:04:14,6
u03,Physical activity,1,2013-04-17 11:04:16,2013-04-17 11:04:26,10
u03,Physical activity,3,2013-04-17 11:04:29,2013-04-17 11:04:29,0
u03,Physical activity,1,2013-04-17 11:04:32,2013-04-17 11:04:32,0
u03,Physical activity,3,2013-04-17 11:04:34,2013-04-17 11:04:34,0
u03,Physical activity,1,2013-04-17 11:04:37,2013-04-17 11:08:00,203
u03,Physical activity,0,2013-04-17 11:08:03,2013-04-17 11:08:23,20
u03,Physical activity,3,2013-04-17 11:08:26,2013-04-17 11:08:39,13
u03,Physical activity,0,2013-04-17 11:08:42,2013-04-17 11:12:08,206
u03,Physical activity,3,2013-04-17 11:12:10,2013-04-17 11:12:18,8
u03,Physical activity,1,2013-04-17 11:12:20,2013-04-17 11:12:44,24
u03,Physical activity,2,2013-04-17 11:12:46,2013-04-17 11:12:51,5
u03,Physical activity,3,2013-04-17 11:12:54,2013-04-17 11:16:02,188
u03,Physical activity,0,2013-04-17 11:16:05,2013-04-17 11:16:20,15
u03,Physical activity,3,2013-04-17 11:16:23,2013-04-17 11:16:41,18
u03,Physical activity,0,2013-04-17 11:16:43,2013-04-17 11:24:06,443
u03,Physical activity,1,2013-04-17 11:24:09,2013-04-17 11:32:13,484
u03,Physical activity,0,2013-04-17 11:32:16,2013-04-17 11:48:20,964
u03,Physical activity,3,2013-04-17 11:48:22,2013-04-17 11:48:25,3
u03,Physical activity,0,2013-04-17 11:48:40,2013-04-17 11:48:40,0
u03,Physical activity,1,2013-04-17 11:48:48,2013-04-17 11:52:14,206
u03,Physical activity,0,2013-04-17 11:52:17,2013-04-17 12:20:27,1690
u03,Physical activity,3,2013-04-17 12:20:29,2013-04-17 12:20:34,5
u03,Physical activity,0,2013-04-17 12:20:37,2013-04-17 13:28:25,4068
u03,Physical activity,3,2013-04-17 13:28:27,2013-04-17 13:28:50,23
u03,Physical activity,1,2013-04-17 13:28:53,2013-04-17 13:40:05,672
u03,Physical activity,0,2013-04-17 13:40:08,2013-04-17 13:44:00,232
u03,Physical activity,1,2013-04-17 13:44:02,2013-04-17 13:48:07,245
u03,Physical activity,0,2013-04-17 13:48:10,2013-04-17 14:52:09,3839
u03,Physical activity,1,2013-04-17 14:52:12,2013-04-17 15:00:11,479
u03,Physical activity,3,2013-04-17 15:00:16,2013-04-17 15:00:24,8
u03,Physical activity,0,2013-04-17 15:00:27,2013-04-18 12:04:24,75837
u03,Physical activity,1,2013-04-18 12:04:27,2013-04-18 12:04:32,5
u03,Physical activity,2,2013-04-18 12:04:34,2013-04-18 12:04:47,13
u03,Physical activity,0,2013-04-18 12:04:50,2013-04-18 12:28:20,1410
u03,Physical activity,1,2013-04-18 12:28:22,2013-04-18 12:36:21,479
u03,Physical activity,0,2013-04-18 12:36:24,2013-04-18 15:52:25,11761
u03,Physical activity,1,2013-04-18 15:52:27,2013-04-18 16:04:26,719
u03,Physical activity,0,2013-04-18 16:04:29,2013-04-18 16:04:29,0
u03,Physical activity,3,2013-04-18 16:04:32,2013-04-18 16:04:37,5
u03,Physical activity,0,2013-04-18 16:04:39,2013-04-18 16:04:39,0
u03,Physical activity,1,2013-04-18 16:04:42,2013-04-18 16:05:10,28
u03,Physical activity,0,2013-04-18 16:05:13,2013-04-20 12:12:49,72456
u03,Physical activity,3,2013-04-20 12:12:51,2013-04-20 12:13:02,11
u03,Physical activity,0,2013-04-20 12:13:04,2013-04-20 12:16:18,194
u03,Physical activity,3,2013-04-20 12:16:20,2013-04-20 12:16:33,13
u03,Physical activity,0,2013-04-20 12:16:41,2013-04-20 12:20:46,245
u03,Physical activity,3,2013-04-20 12:20:49,2013-04-20 12:20:49,0
u03,Physical activity,0,2013-04-20 12:20:51,2013-04-20 12:24:28,217
u03,Physical activity,3,2013-04-20 12:24:30,2013-04-20 12:28:08,218
u03,Physical activity,0,2013-04-20 12:28:10,2013-04-21 09:28:53,75643
u03,Physical activity,3,2013-04-21 09:28:56,2013-04-21 09:29:19,23
u03,Physical activity,0,2013-04-21 09:29:21,2013-04-21 10:00:37,1876
u03,Physical activity,1,2013-04-21 10:00:40,2013-04-21 10:09:15,515
u03,Physical activity,0,2013-04-21 10:09:18,2013-04-21 10:09:18,0
u03,Physical activity,3,2013-04-21 10:09:21,2013-04-21 10:12:31,190
u03,Physical activity,0,2013-04-21 10:12:34,2013-04-21 10:28:35,961
u03,Physical activity,1,2013-04-21 10:28:40,2013-04-21 10:28:48,8
u03,Physical activity,0,2013-04-21 10:28:56,2013-04-21 14:12:45,13429
u03,Physical activity,3,2013-04-21 14:12:47,2013-04-21 14:12:47,0
u03,Physical activity,0,2013-04-21 14:12:50,2013-04-21 14:13:08,18
u03,Physical activity,3,2013-04-21 14:13:10,2013-04-21 14:13:18,8
u03,Physical activity,0,2013-04-21 14:13:21,2013-04-21 14:44:28,1867
u03,Physical activity,1,2013-04-21 14:44:30,2013-04-21 14:56:29,719
u03,Physical activity,0,2013-04-21 14:56:32,2013-04-21 17:16:35,8403
u03,Physical activity,1,2013-04-21 17:16:38,2013-04-21 17:20:35,237
u03,Physical activity,0,2013-04-21 17:20:38,2013-04-21 18:21:10,3632
u03,Physical activity,3,2013-04-21 18:21:13,2013-04-21 18:21:18,5
u03,Physical activity,0,2013-04-21 18:21:20,2013-04-21 23:12:40,17480
u03,Physical activity,3,2013-04-21 23:12:43,2013-04-21 23:12:58,15
u03,Physical activity,0,2013-04-21 23:13:03,2013-04-22 09:32:47,37184
u03,Physical activity,3,2013-04-22 09:32:50,2013-04-22 09:32:50,0
u03,Physical activity,0,2013-04-22 09:32:52,2013-04-22 10:04:47,1915
u03,Physical activity,3,2013-04-22 10:04:50,2013-04-22 10:04:50,0
u03,Physical activity,0,2013-04-22 10:04:58,2013-04-22 11:17:02,4324
u03,Physical activity,3,2013-04-22 11:17:04,2013-04-22 11:17:04,0
u03,Physical activity,0,2013-04-22 11:17:07,2013-04-22 12:05:10,2883
u03,Physical activity,3,2013-04-22 12:05:13,2013-04-22 12:05:21,8
u03,Physical activity,0,2013-04-22 12:05:23,2013-04-22 12:44:46,2363
u03,Physical activity,1,2013-04-22 12:44:48,2013-04-22 12:44:53,5
u03,Physical activity,0,2013-04-22 12:45:04,2013-04-22 12:48:53,229
u03,Physical activity,3,2013-04-22 12:48:56,2013-04-22 12:48:56,0
u03,Physical activity,0,2013-04-22 12:48:58,2013-04-22 13:24:50,2152
u03,Physical activity,3,2013-04-22 13:24:53,2013-04-22 13:24:53,0
u03,Physical activity,0,2013-04-22 13:24:55,2013-04-22 13:25:05,10
u03,Physical activity,3,2013-04-22 13:25:08,2013-04-22 13:25:16,8
u03,Physical activity,0,2013-04-22 13:25:18,2013-04-22 13:28:34,196
u03,Physical activity,1,2013-04-22 13:28:37,2013-04-22 13:36:38,481
u03,Physical activity,0,2013-04-22 13:36:41,2013-04-22 14:56:34,4793
u03,Physical activity,1,2013-04-22 14:56:37,2013-04-22 15:04:46,489
u03,Physical activity,0,2013-04-22 15:04:49,2013-04-22 15:04:49,0
u03,Physical activity,3,2013-04-22 15:04:51,2013-04-22 15:04:57,6
u03,Physical activity,1,2013-04-22 15:04:59,2013-04-22 15:05:30,31
u03,Physical activity,0,2013-04-22 15:05:33,2013-04-22 16:04:45,3552
u03,Physical activity,3,2013-04-22 16:04:47,2013-04-22 16:04:53,6
u03,Physical activity,0,2013-04-22 16:04:55,2013-04-22 16:36:57,1922
u03,Physical activity,3,2013-04-22 16:37:00,2013-04-22 16:37:00,0
u03,Physical activity,0,2013-04-22 16:37:08,2013-04-22 17:49:11,4323
u03,Physical activity,3,2013-04-22 17:49:17,2013-04-22 17:49:24,7
u03,Physical activity,0,2013-04-22 17:49:27,2013-04-22 19:21:03,5496
u03,Physical activity,3,2013-04-22 19:21:06,2013-04-22 19:21:06,0
u03,Physical activity,0,2013-04-22 19:21:08,2013-04-22 20:08:45,2857
u03,Physical activity,3,2013-04-22 20:08:47,2013-04-22 20:08:50,3
u03,Physical activity,0,2013-04-22 20:08:53,2013-04-22 21:25:22,4589
u03,Physical activity,3,2013-04-22 21:25:24,2013-04-22 21:25:27,3
u03,Physical activity,0,2013-04-22 21:25:32,2013-04-22 21:33:05,453
u03,Physical activity,3,2013-04-22 21:33:11,2013-04-22 21:33:13,2
u03,Physical activity,0,2013-04-22 21:33:16,2013-04-23 10:20:46,46050
u03,Physical activity,2,2013-04-23 10:20:48,2013-04-23 10:21:09,21
u03,Physical activity,1,2013-04-23 10:21:11,2013-04-23 10:21:24,13
u03,Physical activity,2,2013-04-23 10:21:27,2013-04-23 10:21:27,0
u03,Physical activity,1,2013-04-23 10:21:29,2013-04-23 10:24:50,201
u03,Physical activity,2,2013-04-23 10:24:53,2013-04-23 10:25:01,8
u03,Physical activity,1,2013-04-23 10:25:03,2013-04-23 10:25:16,13
u03,Physical activity,2,2013-04-23 10:25:19,2013-04-23 10:25:32,13
u03,Physical activity,1,2013-04-23 10:25:34,2013-04-23 10:25:34,0
u03,Physical activity,2,2013-04-23 10:25:37,2013-04-23 10:28:42,185
u03,Physical activity,1,2013-04-23 10:28:45,2013-04-23 10:29:31,46
u03,Physical activity,0,2013-04-23 10:29:36,2013-04-23 10:36:47,431
u03,Physical activity,3,2013-04-23 10:36:50,2013-04-23 10:45:30,520
u03,Physical activity,1,2013-04-23 10:45:33,2013-04-23 10:48:51,198
u03,Physical activity,0,2013-04-23 10:48:54,2013-04-23 10:49:01,7
u03,Physical activity,2,2013-04-23 10:49:04,2013-04-23 10:49:22,18
u03,Physical activity,1,2013-04-23 10:49:25,2013-04-23 11:09:15,1190
u03,Physical activity,3,2013-04-23 11:09:18,2013-04-23 11:09:25,7
u03,Physical activity,0,2013-04-23 11:09:28,2013-04-23 11:09:31,3
u03,Physical activity,1,2013-04-23 11:09:33,2013-04-23 11:16:41,428
u03,Physical activity,3,2013-04-23 11:16:43,2013-04-23 11:16:56,13
u03,Physical activity,0,2013-04-23 11:16:59,2013-04-23 11:17:01,2
u03,Physical activity,3,2013-04-23 11:17:07,2013-04-23 11:17:32,25
u03,Physical activity,1,2013-04-23 11:20:46,2013-04-23 11:40:49,1203
u03,Physical activity,3,2013-04-23 11:40:51,2013-04-23 11:41:12,21
u03,Physical activity,1,2013-04-23 11:41:14,2013-04-23 11:41:25,11
u03,Physical activity,3,2013-04-23 11:41:27,2013-04-23 11:44:53,206
u03,Physical activity,0,2013-04-23 11:44:56,2013-04-23 11:45:04,8
u03,Physical activity,3,2013-04-23 11:45:06,2013-04-23 11:48:45,219
u03,Physical activity,0,2013-04-23 11:48:48,2013-04-23 12:20:55,1927
u03,Physical activity,1,2013-04-23 12:20:58,2013-04-23 12:20:58,0
u03,Physical activity,0,2013-04-23 12:21:00,2013-04-23 12:21:00,0
u03,Physical activity,3,2013-04-23 12:21:03,2013-04-23 12:21:03,0
u03,Physical activity,0,2013-04-23 12:21:05,2013-04-23 12:21:05,0
u03,Physical activity,3,2013-04-23 12:21:08,2013-04-23 12:24:47,219
u03,Physical activity,1,2013-04-23 12:24:49,2013-04-23 12:25:20,31
u03,Physical activity,0,2013-04-23 12:25:23,2013-04-23 12:25:36,13
u03,Physical activity,3,2013-04-23 12:25:38,2013-04-23 12:29:02,204
u03,Physical activity,0,2013-04-23 12:29:05,2013-04-23 12:29:20,15
u03,Physical activity,3,2013-04-23 12:29:23,2013-04-23 12:33:15,232
u03,Physical activity,0,2013-04-23 12:33:20,2013-04-23 12:36:46,206
u03,Physical activity,1,2013-04-23 12:36:48,2013-04-23 12:44:48,480
u03,Physical activity,0,2013-04-23 12:44:50,2013-04-23 12:49:29,279
u03,Physical activity,3,2013-04-23 12:49:31,2013-04-23 12:52:47,196
u03,Physical activity,0,2013-04-23 12:52:55,2013-04-23 13:04:54,719
u03,Physical activity,1,2013-04-23 13:05:07,2013-04-23 13:05:07,0
u03,Physical activity,0,2013-04-23 13:05:09,2013-04-23 13:05:09,0
u03,Physical activity,1,2013-04-23 13:05:12,2013-04-23 13:08:41,209
u03,Physical activity,0,2013-04-23 13:08:43,2013-04-24 07:18:08,65365
u03,Physical activity,3,2013-04-24 07:18:10,2013-04-24 07:25:36,446
u03,Physical activity,0,2013-04-24 07:25:39,2013-04-24 23:11:32,56753
u03,Physical activity,3,2013-04-24 23:11:34,2013-04-24 23:14:42,188
u03,Physical activity,0,2013-04-24 23:14:44,2013-04-25 10:50:54,41770
u03,Physical activity,3,2013-04-25 10:50:56,2013-04-25 10:51:04,8
u03,Physical activity,0,2013-04-25 10:51:07,2013-04-25 11:42:54,3107
u03,Physical activity,1,2013-04-25 11:43:04,2013-04-25 11:43:38,34
u03,Physical activity,2,2013-04-25 11:43:40,2013-04-25 11:46:49,189
u03,Physical activity,1,2013-04-25 11:46:51,2013-04-25 11:46:56,5
u03,Physical activity,0,2013-04-25 11:46:59,2013-04-25 11:47:04,5
u03,Physical activity,1,2013-04-25 11:47:07,2013-04-25 11:51:04,237
u03,Physical activity,0,2013-04-25 11:51:06,2013-04-25 12:51:09,3603
u03,Physical activity,1,2013-04-25 12:51:12,2013-04-25 12:51:32,20
u03,Physical activity,3,2013-04-25 12:51:35,2013-04-25 12:51:38,3
u03,Physical activity,1,2013-04-25 12:51:40,2013-04-25 12:51:40,0
u03,Physical activity,2,2013-04-25 12:51:43,2013-04-25 12:55:04,201
u03,Physical activity,1,2013-04-25 12:55:06,2013-04-25 12:55:19,13
u03,Physical activity,2,2013-04-25 12:55:22,2013-04-25 12:55:29,7
u03,Physical activity,1,2013-04-25 12:55:32,2013-04-25 12:55:42,10
u03,Physical activity,0,2013-04-25 12:55:45,2013-04-25 13:51:27,3342
u03,Physical activity,1,2013-04-25 13:51:30,2013-04-25 13:55:37,247
u03,Physical activity,0,2013-04-25 13:55:39,2013-04-25 13:58:53,194
u03,Physical activity,1,2013-04-25 13:58:55,2013-04-25 14:03:46,291
u03,Physical activity,0,2013-04-25 14:06:52,2013-04-25 14:07:23,31
u03,Physical activity,3,2013-04-25 14:07:25,2013-04-25 14:07:28,3
u03,Physical activity,0,2013-04-25 14:07:30,2013-04-25 14:07:38,8
u03,Physical activity,3,2013-04-25 14:07:41,2013-04-25 14:07:43,2
u03,Physical activity,1,2013-04-25 14:07:46,2013-04-25 14:10:59,193
u03,Physical activity,0,2013-04-25 14:11:04,2013-04-25 14:14:48,224
u03,Physical activity,1,2013-04-25 14:14:53,2013-04-25 14:14:56,3
u03,Physical activity,3,2013-04-25 14:14:59,2013-04-25 14:14:59,0
u03,Physical activity,1,2013-04-25 14:15:01,2013-04-25 14:15:32,31
u03,Physical activity,0,2013-04-25 14:15:37,2013-04-25 17:39:04,12207
u03,Physical activity,3,2013-04-25 17:39:07,2013-04-25 17:39:07,0
u03,Physical activity,0,2013-04-25 17:39:09,2013-04-25 17:39:09,0
u03,Physical activity,1,2013-04-25 17:39:12,2013-04-25 17:46:53,461
u03,Physical activity,0,2013-04-25 17:46:56,2013-04-25 17:47:04,8
u03,Physical activity,3,2013-04-25 17:47:06,2013-04-25 17:47:09,3
u03,Physical activity,1,2013-04-25 17:47:11,2013-04-25 17:51:01,230
u03,Physical activity,0,2013-04-25 17:51:03,2013-04-25 17:51:03,0
u03,Physical activity,3,2013-04-25 17:51:06,2013-04-25 17:51:19,13
u03,Physical activity,1,2013-04-25 17:51:21,2013-04-25 17:51:34,13
u03,Physical activity,0,2013-04-25 17:51:37,2013-04-25 17:51:37,0
u03,Physical activity,3,2013-04-25 17:51:39,2013-04-25 17:54:52,193
u03,Physical activity,0,2013-04-25 17:54:55,2013-04-25 18:47:06,3131
u03,Physical activity,1,2013-04-25 18:47:11,2013-04-25 18:47:34,23
u03,Physical activity,3,2013-04-25 18:47:37,2013-04-25 18:47:40,3
u03,Physical activity,1,2013-04-25 18:47:42,2013-04-25 18:59:05,683
u03,Physical activity,0,2013-04-25 18:59:15,2013-04-25 18:59:39,24
u03,Physical activity,3,2013-04-25 18:59:41,2013-04-25 18:59:41,0
u03,Physical activity,0,2013-04-25 18:59:44,2013-04-25 19:02:57,193
u03,Physical activity,1,2013-04-25 19:03:00,2013-04-25 19:03:38,38
u03,Physical activity,0,2013-04-25 19:03:41,2013-04-25 19:03:41,0
u03,Physical activity,1,2013-04-25 19:03:43,2013-04-25 19:03:43,0
u03,Physical activity,3,2013-04-25 19:03:46,2013-04-25 19:06:54,188
u03,Physical activity,1,2013-04-25 19:06:59,2013-04-25 19:07:15,16
u03,Physical activity,3,2013-04-25 19:07:17,2013-04-25 19:07:20,3
u03,Physical activity,1,2013-04-25 19:07:25,2013-04-25 19:07:25,0
u03,Physical activity,3,2013-04-25 19:07:28,2013-04-25 19:07:33,5
u03,Physical activity,0,2013-04-25 19:07:35,2013-04-25 19:10:51,196
u03,Physical activity,3,2013-04-25 19:10:54,2013-04-25 19:10:59,5
u03,Physical activity,0,2013-04-25 19:11:01,2013-04-25 19:11:40,39
u03,Physical activity,3,2013-04-25 19:11:43,2013-04-25 19:11:43,0
u03,Physical activity,0,2013-04-25 19:11:45,2013-04-25 19:14:56,191
u03,Physical activity,3,2013-04-25 19:14:59,2013-04-25 19:15:37,38
u03,Physical activity,1,2013-04-25 19:15:40,2013-04-25 19:19:01,201
u03,Physical activity,0,2013-04-25 19:19:03,2013-04-25 19:19:03,0
u03,Physical activity,3,2013-04-25 19:19:06,2013-04-25 19:19:27,21
u03,Physical activity,0,2013-04-25 19:19:29,2013-04-25 19:19:40,11
u03,Physical activity,3,2013-04-25 19:19:42,2013-04-25 19:19:50,8
u03,Physical activity,0,2013-04-25 19:22:55,2013-04-25 19:23:03,8
u03,Physical activity,3,2013-04-25 19:23:06,2013-04-25 19:27:08,242
u03,Physical activity,0,2013-04-25 19:27:10,2013-04-25 19:27:13,3
u03,Physical activity,3,2013-04-25 19:27:15,2013-04-25 19:30:54,219
u03,Physical activity,0,2013-04-25 19:30:57,2013-04-26 08:31:28,46831
u03,Physical activity,3,2013-04-26 08:31:31,2013-04-26 08:31:36,5
u03,Physical activity,0,2013-04-26 08:31:39,2013-04-26 08:31:41,2
u03,Physical activity,1,2013-04-26 08:34:44,2013-04-26 08:34:44,0
u03,Physical activity,0,2013-04-26 08:34:52,2013-04-26 08:35:33,41
u03,Physical activity,3,2013-04-26 08:35:36,2013-04-26 08:38:49,193
u03,Physical activity,0,2013-04-26 08:38:51,2013-04-26 08:38:51,0
u03,Physical activity,3,2013-04-26 08:38:54,2013-04-26 08:38:56,2
u03,Physical activity,0,2013-04-26 08:38:59,2013-04-26 09:14:58,2159
u03,Physical activity,3,2013-04-26 09:15:00,2013-04-26 09:15:16,16
u03,Physical activity,0,2013-04-26 09:15:18,2013-04-26 10:23:35,4097
u03,Physical activity,3,2013-04-26 10:23:40,2013-04-26 10:23:40,0
u03,Physical activity,1,2013-04-26 10:26:48,2013-04-26 10:26:56,8
u03,Physical activity,0,2013-04-26 10:26:59,2013-04-26 10:27:22,23
u03,Physical activity,3,2013-04-26 10:27:24,2013-04-26 10:27:35,11
u03,Physical activity,0,2013-04-26 10:27:37,2013-04-26 11:46:57,4760
u03,Physical activity,3,2013-04-26 11:47:00,2013-04-26 11:47:00,0
u03,Physical activity,0,2013-04-26 11:47:07,2013-04-26 11:47:23,16
u03,Physical activity,3,2013-04-26 11:47:25,2013-04-26 11:47:25,0
u03,Physical activity,0,2013-04-26 11:47:28,2013-04-26 11:50:46,198
u03,Physical activity,3,2013-04-26 11:50:49,2013-04-26 11:50:54,5
u03,Physical activity,0,2013-04-26 11:51:02,2013-04-26 13:35:44,6282
u03,Physical activity,1,2013-04-26 13:38:46,2013-04-26 13:38:57,11
u03,Physical activity,2,2013-04-26 13:38:59,2013-04-26 13:39:05,6
u03,Physical activity,1,2013-04-26 13:39:07,2013-04-26 13:39:15,8
u03,Physical activity,2,2013-04-26 13:39:17,2013-04-26 13:39:38,21
u03,Physical activity,1,2013-04-26 13:39:41,2013-04-26 13:46:48,427
u03,Physical activity,0,2013-04-26 13:46:51,2013-04-26 14:51:01,3850
u03,Physical activity,1,2013-04-26 14:51:04,2013-04-26 14:51:29,25
u03,Physical activity,2,2013-04-26 14:51:32,2013-04-26 14:54:48,196
u03,Physical activity,1,2013-04-26 14:54:50,2013-04-26 14:55:11,21
u03,Physical activity,0,2013-04-26 14:55:13,2013-04-26 14:55:26,13
u03,Physical activity,1,2013-04-26 14:55:29,2013-04-26 15:02:55,446
u03,Physical activity,0,2013-04-26 15:02:57,2013-04-26 15:02:57,0
u03,Physical activity,3,2013-04-26 15:03:00,2013-04-26 15:03:02,2
u03,Physical activity,0,2013-04-26 15:03:05,2013-04-26 15:03:23,18
u03,Physical activity,3,2013-04-26 15:03:31,2013-04-26 15:03:33,2
u03,Physical activity,0,2013-04-26 15:03:36,2013-04-26 15:03:36,0
u03,Physical activity,3,2013-04-26 15:03:38,2013-04-26 15:03:44,6
u03,Physical activity,0,2013-04-26 15:03:46,2013-04-26 15:06:49,183
u03,Physical activity,2,2013-04-26 15:06:52,2013-04-26 15:06:59,7
u03,Physical activity,1,2013-04-26 15:07:02,2013-04-26 15:07:23,21
u03,Physical activity,0,2013-04-26 15:07:25,2013-04-26 17:11:38,7453
u03,Physical activity,1,2013-04-26 17:11:40,2013-04-26 17:15:12,212
u03,Physical activity,3,2013-04-26 17:15:14,2013-04-26 17:15:30,16
u03,Physical activity,1,2013-04-26 17:15:32,2013-04-26 17:15:32,0
u03,Physical activity,3,2013-04-26 17:15:35,2013-04-26 17:19:11,216
u03,Physical activity,1,2013-04-26 17:19:14,2013-04-26 17:19:30,16
u03,Physical activity,3,2013-04-26 17:19:32,2013-04-26 17:22:56,204
u03,Physical activity,1,2013-04-26 17:22:58,2013-04-26 17:23:11,13
u03,Physical activity,3,2013-04-26 17:23:14,2013-04-26 17:23:14,0
u03,Physical activity,1,2013-04-26 17:23:16,2013-04-26 17:23:21,5
u03,Physical activity,3,2013-04-26 17:23:24,2013-04-26 17:23:24,0
u03,Physical activity,1,2013-04-26 17:23:27,2013-04-26 17:23:39,12
u03,Physical activity,3,2013-04-26 17:23:42,2013-04-26 17:30:52,430
u03,Physical activity,1,2013-04-26 17:30:55,2013-04-26 17:31:18,23
u03,Physical activity,3,2013-04-26 17:31:21,2013-04-26 17:31:28,7
u03,Physical activity,1,2013-04-26 17:31:31,2013-04-26 17:35:12,221
u03,Physical activity,0,2013-04-26 17:35:15,2013-04-26 17:35:28,13
u03,Physical activity,3,2013-04-26 17:35:30,2013-04-26 17:35:30,0
u03,Physical activity,0,2013-04-26 17:35:33,2013-04-26 17:35:38,5
u03,Physical activity,3,2013-04-26 17:35:41,2013-04-26 17:35:41,0
u03,Physical activity,0,2013-04-26 17:35:43,2013-04-26 17:35:43,0
u03,Physical activity,3,2013-04-26 17:35:46,2013-04-26 17:35:48,2
u03,Physical activity,0,2013-04-26 17:38:51,2013-04-26 17:38:51,0
u03,Physical activity,1,2013-04-26 17:38:54,2013-04-26 17:39:12,18
u03,Physical activity,0,2013-04-26 17:39:15,2013-04-26 17:39:27,12
u03,Physical activity,1,2013-04-26 17:39:30,2013-04-26 17:43:01,211
u03,Physical activity,3,2013-04-26 17:43:04,2013-04-26 17:43:17,13
u03,Physical activity,0,2013-04-26 17:43:19,2013-04-26 17:46:59,220
u03,Physical activity,1,2013-04-26 17:47:01,2013-04-26 17:47:01,0
u03,Physical activity,3,2013-04-26 17:47:04,2013-04-26 17:47:17,13
u03,Physical activity,1,2013-04-26 17:47:19,2013-04-26 18:07:10,1191
u03,Physical activity,0,2013-04-26 18:07:12,2013-04-27 22:32:34,15922
u03,Physical activity,3,2013-04-27 22:32:36,2013-04-27 22:32:39,3
u03,Physical activity,0,2013-04-27 22:32:42,2013-04-27 22:32:42,0
u03,Physical activity,3,2013-04-27 22:32:44,2013-04-27 22:32:44,0
u03,Physical activity,0,2013-04-27 22:32:47,2013-04-28 10:36:27,43420
u03,Physical activity,1,2013-04-28 10:36:34,2013-04-28 10:36:42,8
u03,Physical activity,0,2013-04-28 10:36:45,2013-04-28 10:36:55,10
u03,Physical activity,3,2013-04-28 10:36:57,2013-04-28 10:37:05,8
u03,Physical activity,0,2013-04-28 10:37:08,2013-04-28 12:16:40,5972
u03,Physical activity,3,2013-04-28 12:16:42,2013-04-28 12:16:53,11
u03,Physical activity,0,2013-04-28 12:16:55,2013-04-28 12:33:23,988
u03,Physical activity,1,2013-04-28 12:33:26,2013-04-28 12:33:26,0
u03,Physical activity,0,2013-04-28 12:36:31,2013-04-28 12:45:05,514
u03,Physical activity,1,2013-04-28 12:45:07,2013-04-28 12:45:15,8
u03,Physical activity,0,2013-04-28 12:45:17,2013-04-28 13:56:46,4289
u03,Physical activity,3,2013-04-28 13:56:49,2013-04-28 13:56:59,10
u03,Physical activity,0,2013-04-28 13:57:02,2013-04-28 14:01:36,274
u03,Physical activity,1,2013-04-28 14:04:39,2013-04-28 14:04:39,0
u03,Physical activity,0,2013-04-28 14:04:44,2013-04-28 14:36:57,1933
u03,Physical activity,3,2013-04-28 14:36:59,2013-04-28 14:37:02,3
u03,Physical activity,0,2013-04-28 14:37:05,2013-04-28 14:37:05,0
u03,Physical activity,3,2013-04-28 14:37:07,2013-04-28 14:37:07,0
u03,Physical activity,0,2013-04-28 14:37:10,2013-04-28 14:41:09,239
u03,Physical activity,1,2013-04-28 14:41:17,2013-04-28 14:52:48,691
u03,Physical activity,0,2013-04-28 14:52:55,2013-04-28 15:04:56,721
u03,Physical activity,3,2013-04-28 15:04:59,2013-04-28 15:05:02,3
u03,Physical activity,0,2013-04-28 15:05:04,2013-04-28 15:21:12,968
u03,Physical activity,3,2013-04-28 15:21:14,2013-04-28 15:21:35,21
u03,Physical activity,0,2013-04-28 15:21:37,2013-04-28 16:13:06,3089
u03,Physical activity,3,2013-04-28 16:13:08,2013-04-28 16:13:08,0
u03,Physical activity,0,2013-04-28 16:13:16,2013-04-28 16:25:37,741
u03,Physical activity,1,2013-04-28 16:25:39,2013-04-28 16:25:39,0
u03,Physical activity,0,2013-04-28 16:25:42,2013-04-28 16:25:42,0
u03,Physical activity,1,2013-04-28 16:25:44,2013-04-28 16:29:13,209
u03,Physical activity,0,2013-04-28 16:29:16,2013-04-28 16:29:24,8
u03,Physical activity,1,2013-04-28 16:29:29,2013-04-28 16:32:55,206
u03,Physical activity,0,2013-04-28 16:32:58,2013-04-28 16:33:47,49
u03,Physical activity,1,2013-04-28 16:33:49,2013-04-28 16:36:58,189
u03,Physical activity,0,2013-04-28 16:37:00,2013-04-28 19:21:45,9885
u03,Physical activity,3,2013-04-28 19:21:48,2013-04-28 19:25:12,204
u03,Physical activity,0,2013-04-28 19:25:14,2013-04-28 19:45:29,1215
u03,Physical activity,3,2013-04-28 19:45:32,2013-04-28 19:45:42,10
u03,Physical activity,0,2013-04-28 19:45:45,2013-04-28 20:29:33,2628
u03,Physical activity,3,2013-04-28 20:29:35,2013-04-28 20:29:35,0
u03,Physical activity,0,2013-04-28 20:29:43,2013-04-28 20:33:23,220
u03,Physical activity,1,2013-04-28 20:33:26,2013-04-28 20:33:28,2
u03,Physical activity,0,2013-04-28 20:33:31,2013-04-28 21:53:27,4796
u03,Physical activity,3,2013-04-28 21:53:30,2013-04-28 21:53:43,13
u03,Physical activity,0,2013-04-28 21:53:48,2013-04-28 21:54:03,15
u03,Physical activity,3,2013-04-28 21:54:06,2013-04-28 21:54:06,0
u03,Physical activity,0,2013-04-28 21:54:09,2013-04-28 22:57:33,3804
u03,Physical activity,3,2013-04-28 22:57:36,2013-04-28 22:57:43,7
u03,Physical activity,0,2013-04-28 22:57:46,2013-04-28 23:05:36,470
u03,Physical activity,3,2013-04-28 23:05:39,2013-04-28 23:05:39,0
u03,Physical activity,1,2013-04-28 23:05:44,2013-04-28 23:05:44,0
u03,Physical activity,0,2013-04-28 23:05:52,2013-04-28 23:13:37,465
u03,Physical activity,3,2013-04-28 23:13:39,2013-04-28 23:13:50,11
u03,Physical activity,0,2013-04-28 23:13:52,2013-04-28 23:13:55,3
u03,Physical activity,3,2013-04-28 23:13:57,2013-04-28 23:14:00,3
u03,Physical activity,0,2013-04-28 23:14:08,2013-04-28 23:30:26,978
u03,Physical activity,3,2013-04-28 23:33:29,2013-04-28 23:33:34,5
u03,Physical activity,0,2013-04-28 23:33:36,2013-04-29 00:13:47,2411
u03,Physical activity,1,2013-04-29 00:13:50,2013-04-29 00:13:55,5
u03,Physical activity,3,2013-04-29 00:13:57,2013-04-29 00:14:02,5
u03,Physical activity,0,2013-04-29 00:14:08,2013-04-29 00:14:18,10
u03,Physical activity,3,2013-04-29 00:14:21,2013-04-29 00:17:36,195
u03,Physical activity,0,2013-04-29 00:17:39,2013-04-29 12:33:49,44170
u03,Physical activity,3,2013-04-29 12:33:52,2013-04-29 12:34:02,10
u03,Physical activity,0,2013-04-29 12:34:07,2013-04-29 12:37:47,220
u03,Physical activity,3,2013-04-29 12:37:49,2013-04-29 12:37:57,8
u03,Physical activity,0,2013-04-29 12:37:59,2013-04-29 13:34:26,3387
u03,Physical activity,1,2013-04-29 13:34:28,2013-04-29 13:46:25,717
u03,Physical activity,0,2013-04-29 13:46:28,2013-04-29 14:45:54,3566
u03,Physical activity,1,2013-04-29 14:45:57,2013-04-29 14:49:51,234
u03,Physical activity,0,2013-04-29 14:49:54,2013-04-29 14:50:09,15
u03,Physical activity,1,2013-04-29 14:50:12,2013-04-29 14:53:54,222
u03,Physical activity,0,2013-04-29 14:53:57,2013-04-29 14:53:57,0
u03,Physical activity,1,2013-04-29 14:53:59,2013-04-29 14:54:38,39
u03,Physical activity,3,2013-04-29 14:54:40,2013-04-29 14:54:40,0
u03,Physical activity,0,2013-04-29 14:57:43,2013-04-29 15:30:34,1971
u03,Physical activity,1,2013-04-29 15:30:39,2013-04-29 15:34:03,204
u03,Physical activity,0,2013-04-29 15:34:05,2013-04-29 15:34:08,3
u03,Physical activity,3,2013-04-29 15:34:10,2013-04-29 15:34:10,0
u03,Physical activity,0,2013-04-29 15:34:13,2013-04-29 15:34:15,2
u03,Physical activity,3,2013-04-29 15:34:18,2013-04-29 15:34:18,0
u03,Physical activity,0,2013-04-29 15:34:21,2013-04-29 15:34:34,13
u03,Physical activity,1,2013-04-29 15:34:36,2013-04-29 15:37:49,193
u03,Physical activity,0,2013-04-29 15:37:52,2013-04-29 15:38:05,13
u03,Physical activity,1,2013-04-29 15:38:07,2013-04-29 15:38:28,21
u03,Physical activity,0,2013-04-29 15:38:31,2013-04-29 15:38:33,2
u03,Physical activity,1,2013-04-29 15:38:36,2013-04-29 15:41:49,193
u03,Physical activity,0,2013-04-29 15:41:51,2013-04-29 15:45:56,245
u03,Physical activity,2,2013-04-29 15:46:01,2013-04-29 15:46:07,6
u03,Physical activity,1,2013-04-29 15:46:09,2013-04-29 15:46:32,23
u03,Physical activity,2,2013-04-29 15:46:35,2013-04-29 15:49:45,190
u03,Physical activity,0,2013-04-29 15:49:48,2013-04-29 15:50:22,34
u03,Physical activity,1,2013-04-29 15:50:24,2013-04-29 15:53:45,201
u03,Physical activity,0,2013-04-29 15:53:48,2013-04-29 18:22:38,8930
u03,Physical activity,3,2013-04-29 18:22:40,2013-04-29 18:22:43,3
u03,Physical activity,0,2013-04-29 18:25:51,2013-04-29 18:30:03,252
u03,Physical activity,3,2013-04-29 18:30:06,2013-04-29 18:33:50,224
u03,Physical activity,0,2013-04-29 18:33:53,2013-04-29 19:22:07,2894
u03,Physical activity,1,2013-04-29 19:22:10,2013-04-29 19:22:12,2
u03,Physical activity,0,2013-04-29 19:22:15,2013-04-29 21:33:52,7897
u03,Physical activity,1,2013-04-29 21:33:57,2013-04-29 21:37:51,234
u03,Physical activity,3,2013-04-29 21:37:54,2013-04-29 21:38:27,33
u03,Physical activity,0,2013-04-29 21:38:30,2013-04-29 21:41:51,201
u03,Physical activity,3,2013-04-29 21:41:53,2013-04-29 21:41:58,5
u03,Physical activity,0,2013-04-29 21:42:16,2013-04-29 21:50:03,467
u03,Physical activity,3,2013-04-29 21:50:05,2013-04-29 21:50:10,5
u03,Physical activity,0,2013-04-29 21:50:13,2013-04-29 22:13:50,1417
u03,Physical activity,1,2013-04-29 22:13:53,2013-04-29 22:17:50,237
u03,Physical activity,0,2013-04-29 22:17:52,2013-04-30 08:54:24,38192
u03,Physical activity,3,2013-04-30 08:54:26,2013-04-30 08:54:26,0
u03,Physical activity,0,2013-04-30 08:54:34,2013-04-30 08:55:03,29
u03,Physical activity,3,2013-04-30 08:55:05,2013-04-30 08:58:49,224
u03,Physical activity,0,2013-04-30 08:58:52,2013-04-30 09:14:28,936
u03,Physical activity,1,2013-04-30 09:14:31,2013-04-30 09:14:36,5
u03,Physical activity,0,2013-04-30 09:14:39,2013-04-30 09:18:20,221
u03,Physical activity,1,2013-04-30 09:18:23,2013-04-30 09:30:17,714
u03,Physical activity,0,2013-04-30 09:30:20,2013-04-30 09:47:01,1001
u03,Physical activity,1,2013-04-30 09:47:03,2013-04-30 09:50:29,206
u03,Physical activity,0,2013-04-30 09:50:32,2013-04-30 09:50:32,0
u03,Physical activity,1,2013-04-30 09:50:34,2013-04-30 09:50:45,11
u03,Physical activity,3,2013-04-30 09:50:47,2013-04-30 09:55:13,266
u03,Physical activity,1,2013-04-30 09:58:16,2013-04-30 09:58:47,31
u03,Physical activity,3,2013-04-30 09:58:49,2013-04-30 09:59:02,13
u03,Physical activity,1,2013-04-30 09:59:05,2013-04-30 10:02:26,201
u03,Physical activity,3,2013-04-30 10:02:28,2013-04-30 10:02:38,10
u03,Physical activity,0,2013-04-30 10:02:41,2013-04-30 10:02:49,8
u03,Physical activity,3,2013-04-30 10:02:51,2013-04-30 10:03:12,21
u03,Physical activity,0,2013-04-30 10:06:20,2013-04-30 10:06:20,0
u03,Physical activity,1,2013-04-30 10:06:22,2013-04-30 10:10:27,245
u03,Physical activity,0,2013-04-30 10:10:30,2013-04-30 10:10:32,2
u03,Physical activity,3,2013-04-30 10:10:35,2013-04-30 10:10:48,13
u03,Physical activity,1,2013-04-30 10:10:50,2013-04-30 10:14:32,222
u03,Physical activity,3,2013-04-30 10:14:34,2013-04-30 10:14:45,11
u03,Physical activity,1,2013-04-30 10:14:47,2013-04-30 10:15:08,21
u03,Physical activity,3,2013-04-30 10:15:11,2013-04-30 10:18:19,188
u03,Physical activity,1,2013-04-30 10:18:21,2013-04-30 10:18:42,21
u03,Physical activity,3,2013-04-30 10:18:44,2013-04-30 10:22:16,212
u03,Physical activity,1,2013-04-30 10:22:18,2013-04-30 10:22:29,11
u03,Physical activity,0,2013-04-30 10:22:31,2013-04-30 10:22:41,10
u03,Physical activity,3,2013-04-30 10:22:44,2013-04-30 10:22:52,8
u03,Physical activity,1,2013-04-30 10:22:54,2013-04-30 10:23:05,11
u03,Physical activity,0,2013-04-30 10:23:07,2013-04-30 10:23:07,0
u03,Physical activity,3,2013-04-30 10:26:15,2013-04-30 10:26:26,11
u03,Physical activity,0,2013-04-30 10:26:28,2013-04-30 10:26:31,3
u03,Physical activity,3,2013-04-30 10:26:33,2013-04-30 10:26:44,11
u03,Physical activity,0,2013-04-30 10:26:46,2013-04-30 10:27:02,16
u03,Physical activity,3,2013-04-30 10:27:04,2013-04-30 10:30:23,199
u03,Physical activity,1,2013-04-30 10:30:28,2013-04-30 10:30:28,0
u03,Physical activity,0,2013-04-30 10:30:38,2013-04-30 10:31:09,31
u03,Physical activity,1,2013-04-30 10:34:20,2013-04-30 10:50:23,963
u03,Physical activity,3,2013-04-30 10:50:26,2013-04-30 10:50:28,2
u03,Physical activity,1,2013-04-30 10:50:31,2013-04-30 10:50:46,15
u03,Physical activity,3,2013-04-30 10:50:49,2013-04-30 10:51:12,23
u03,Physical activity,0,2013-04-30 10:54:15,2013-04-30 10:54:20,5
u03,Physical activity,1,2013-04-30 10:54:23,2013-04-30 10:54:30,7
u03,Physical activity,3,2013-04-30 10:54:33,2013-04-30 10:58:38,245
u03,Physical activity,1,2013-04-30 10:58:40,2013-04-30 11:02:25,225
u03,Physical activity,0,2013-04-30 11:02:27,2013-04-30 11:22:20,1193
u03,Physical activity,1,2013-04-30 11:22:23,2013-04-30 11:22:48,25
u03,Physical activity,0,2013-04-30 11:22:51,2013-04-30 11:26:20,209
u03,Physical activity,1,2013-04-30 11:26:22,2013-04-30 11:27:14,52
u03,Physical activity,3,2013-04-30 11:30:17,2013-04-30 11:34:55,278
u03,Physical activity,1,2013-04-30 11:34:57,2013-04-30 11:42:44,467
u03,Physical activity,0,2013-04-30 11:43:02,2013-04-30 17:18:23,20121
u03,Physical activity,1,2013-04-30 17:18:26,2013-04-30 17:18:49,23
u03,Physical activity,2,2013-04-30 17:18:52,2013-04-30 17:34:21,929
u03,Physical activity,0,2013-04-30 17:34:24,2013-04-30 17:34:34,10
u03,Physical activity,3,2013-04-30 17:34:36,2013-04-30 17:34:42,6
u03,Physical activity,0,2013-04-30 17:34:44,2013-04-30 17:34:44,0
u03,Physical activity,3,2013-04-30 17:34:47,2013-04-30 17:34:49,2
u03,Physical activity,0,2013-04-30 17:34:58,2013-04-30 17:34:58,0
u03,Physical activity,1,2013-04-30 17:35:00,2013-04-30 17:38:18,198
u03,Physical activity,0,2013-04-30 17:38:21,2013-05-02 16:07:14,80933
u03,Physical activity,3,2013-05-02 16:07:17,2013-05-02 16:07:40,23
u03,Physical activity,0,2013-05-02 16:07:46,2013-05-05 17:20:03,4337
u03,Physical activity,3,2013-05-05 17:20:06,2013-05-05 17:20:06,0
u03,Physical activity,0,2013-05-05 17:20:09,2013-05-05 17:20:47,38
u03,Physical activity,3,2013-05-05 17:20:50,2013-05-05 17:23:55,185
u03,Physical activity,0,2013-05-05 17:23:58,2013-05-05 18:32:06,4088
u03,Physical activity,1,2013-05-05 18:32:09,2013-05-05 18:32:12,3
u03,Physical activity,0,2013-05-05 18:32:14,2013-05-05 18:32:14,0
u03,Physical activity,3,2013-05-05 18:32:17,2013-05-05 18:32:42,25
u03,Physical activity,0,2013-05-05 18:32:50,2013-05-05 18:36:52,242
u03,Physical activity,3,2013-05-05 18:39:55,2013-05-05 18:39:58,3
u03,Physical activity,0,2013-05-05 18:40:00,2013-05-05 18:40:00,0
u03,Physical activity,3,2013-05-05 18:40:03,2013-05-05 18:40:03,0
u03,Physical activity,0,2013-05-05 18:40:08,2013-05-05 18:40:11,3
u03,Physical activity,1,2013-05-05 18:40:13,2013-05-05 18:40:13,0
u03,Physical activity,0,2013-05-05 18:40:16,2013-05-05 18:40:32,16
u03,Physical activity,2,2013-05-05 18:40:47,2013-05-05 18:40:47,0
u03,Physical activity,0,2013-05-05 18:40:52,2013-05-05 18:44:49,237
u03,Physical activity,3,2013-05-05 18:44:52,2013-05-05 18:48:04,192
u03,Physical activity,1,2013-05-05 18:48:07,2013-05-05 18:48:07,0
u03,Physical activity,0,2013-05-05 18:48:14,2013-05-05 19:28:08,2394
u03,Physical activity,3,2013-05-05 19:28:11,2013-05-05 19:28:11,0
u03,Physical activity,0,2013-05-05 19:28:13,2013-05-05 21:12:01,6228
u03,Physical activity,1,2013-05-05 21:12:04,2013-05-05 21:16:01,237
u03,Physical activity,0,2013-05-05 21:16:04,2013-05-05 21:40:50,1486
u03,Physical activity,3,2013-05-05 21:40:53,2013-05-05 21:44:06,193
u03,Physical activity,0,2013-05-05 21:44:08,2013-05-06 08:24:53,38445
u03,Physical activity,3,2013-05-06 08:24:56,2013-05-06 08:24:58,2
u03,Physical activity,0,2013-05-06 08:25:01,2013-05-06 09:36:26,4285
u03,Physical activity,3,2013-05-06 09:36:29,2013-05-06 09:36:34,5
u03,Physical activity,0,2013-05-06 09:36:37,2013-05-06 09:52:35,958
u03,Physical activity,1,2013-05-06 09:52:37,2013-05-06 09:52:37,0
u03,Physical activity,0,2013-05-06 09:52:40,2013-05-06 09:52:43,3
u03,Physical activity,1,2013-05-06 09:52:45,2013-05-06 09:52:48,3
u03,Physical activity,3,2013-05-06 09:52:50,2013-05-06 09:53:03,13
u03,Physical activity,0,2013-05-06 09:53:06,2013-05-06 10:04:49,703
u03,Physical activity,3,2013-05-06 10:04:52,2013-05-06 10:04:57,5
u03,Physical activity,0,2013-05-06 10:05:00,2013-05-06 10:08:20,200
u03,Physical activity,3,2013-05-06 10:08:23,2013-05-06 10:08:38,15
u03,Physical activity,0,2013-05-06 10:08:41,2013-05-06 10:16:30,469
u03,Physical activity,1,2013-05-06 10:16:37,2013-05-06 10:16:37,0
u03,Physical activity,0,2013-05-06 10:16:40,2013-05-06 10:20:37,237
u03,Physical activity,1,2013-05-06 10:20:39,2013-05-06 10:24:21,222
u03,Physical activity,0,2013-05-06 10:24:23,2013-05-06 11:05:08,2445
u03,Physical activity,1,2013-05-06 11:05:11,2013-05-06 11:09:08,237
u03,Physical activity,3,2013-05-06 11:09:10,2013-05-06 11:12:18,188
u03,Physical activity,1,2013-05-06 11:12:31,2013-05-06 11:12:47,16
u03,Physical activity,0,2013-05-06 11:12:49,2013-05-06 11:16:59,250
u03,Physical activity,1,2013-05-06 11:17:01,2013-05-06 11:17:09,8
u03,Physical activity,0,2013-05-06 11:17:12,2013-05-06 13:32:24,8112
u03,Physical activity,1,2013-05-06 13:32:27,2013-05-06 13:33:03,36
u03,Physical activity,0,2013-05-06 13:33:05,2013-05-06 13:33:08,3
u03,Physical activity,3,2013-05-06 13:33:10,2013-05-06 13:33:10,0
u03,Physical activity,0,2013-05-06 13:33:13,2013-05-06 13:33:13,0
u03,Physical activity,3,2013-05-06 13:33:16,2013-05-06 13:33:16,0
u03,Physical activity,1,2013-05-06 13:36:17,2013-05-06 13:44:24,487
u03,Physical activity,0,2013-05-06 13:44:27,2013-05-06 14:48:26,3839
u03,Physical activity,1,2013-05-06 14:48:29,2013-05-06 15:00:23,714
u03,Physical activity,0,2013-05-06 15:00:25,2013-05-06 19:44:27,17042
u03,Physical activity,1,2013-05-06 19:44:29,2013-05-06 19:44:42,13
u03,Physical activity,0,2013-05-06 19:44:48,2013-05-07 15:00:37,69349
u03,Physical activity,3,2013-05-07 15:00:40,2013-05-07 15:00:48,8
u03,Physical activity,1,2013-05-07 15:00:53,2013-05-07 15:00:58,5
u03,Physical activity,3,2013-05-07 15:01:01,2013-05-07 15:01:08,7
u03,Physical activity,1,2013-05-07 15:01:14,2013-05-07 15:04:27,193
u03,Physical activity,2,2013-05-07 15:04:30,2013-05-07 15:04:50,20
u03,Physical activity,1,2013-05-07 15:04:53,2013-05-07 15:09:03,250
u03,Physical activity,0,2013-05-07 15:09:06,2013-05-07 15:09:11,5
u03,Physical activity,3,2013-05-07 15:09:13,2013-05-07 15:12:19,186
u03,Physical activity,0,2013-05-07 15:12:22,2013-05-07 17:00:35,6493
u03,Physical activity,3,2013-05-07 17:00:37,2013-05-07 17:00:42,5
u03,Physical activity,0,2013-05-07 17:00:45,2013-05-07 17:00:45,0
u03,Physical activity,3,2013-05-07 17:00:48,2013-05-07 17:00:48,0
u03,Physical activity,0,2013-05-07 17:00:50,2013-05-07 17:04:29,219
u03,Physical activity,1,2013-05-07 17:04:32,2013-05-07 17:12:52,500
u03,Physical activity,3,2013-05-07 17:12:54,2013-05-07 17:13:02,8
u03,Physical activity,0,2013-05-07 17:13:05,2013-05-11 13:14:39,72094
u03,Physical activity,1,2013-05-11 13:14:41,2013-05-11 13:14:41,0
u03,Physical activity,0,2013-05-11 13:14:44,2013-05-11 13:14:44,0
u03,Physical activity,3,2013-05-11 13:14:46,2013-05-11 13:14:51,5
u03,Physical activity,0,2013-05-11 13:14:54,2013-05-11 13:15:04,10
u03,Physical activity,3,2013-05-11 13:15:07,2013-05-11 13:15:17,10
u03,Physical activity,0,2013-05-11 13:18:23,2013-05-11 20:59:44,27681
u03,Physical activity,3,2013-05-11 20:59:47,2013-05-11 20:59:49,2
u03,Physical activity,0,2013-05-11 21:02:52,2013-05-12 18:41:30,77918
u03,Physical activity,3,2013-05-12 18:41:33,2013-05-12 18:41:38,5
u03,Physical activity,0,2013-05-12 18:41:40,2013-05-12 20:21:26,5986
u03,Physical activity,1,2013-05-12 20:21:29,2013-05-12 20:21:34,5
u03,Physical activity,0,2013-05-12 20:21:37,2013-05-12 20:21:37,0
u03,Physical activity,3,2013-05-12 20:21:42,2013-05-12 20:24:52,190
u03,Physical activity,0,2013-05-12 20:24:55,2013-05-12 20:37:43,768
u03,Physical activity,3,2013-05-12 20:40:51,2013-05-12 20:40:53,2
u03,Physical activity,0,2013-05-12 20:40:56,2013-05-12 21:04:56,1440
u03,Physical activity,3,2013-05-12 21:04:58,2013-05-12 21:05:06,8
u03,Physical activity,0,2013-05-12 21:05:09,2013-05-13 12:45:06,56397
u03,Physical activity,1,2013-05-13 12:45:08,2013-05-13 12:45:14,6
u03,Physical activity,0,2013-05-13 12:45:16,2013-05-13 12:45:31,15
u03,Physical activity,1,2013-05-13 12:45:34,2013-05-13 12:53:15,461
u03,Physical activity,2,2013-05-13 12:53:18,2013-05-13 12:53:26,8
u03,Physical activity,1,2013-05-13 12:53:28,2013-05-13 12:57:02,214
u03,Physical activity,0,2013-05-13 12:57:05,2013-05-13 13:41:10,2645
u03,Physical activity,3,2013-05-13 13:41:12,2013-05-13 13:41:43,31
u03,Physical activity,1,2013-05-13 13:41:46,2013-05-13 13:45:04,198
u03,Physical activity,0,2013-05-13 13:45:07,2013-05-13 20:08:29,23002
u03,Physical activity,3,2013-05-13 20:08:31,2013-05-13 20:08:49,18
u03,Physical activity,0,2013-05-13 20:08:52,2013-05-13 20:24:59,967
u03,Physical activity,3,2013-05-13 20:25:02,2013-05-13 20:25:02,0
u03,Physical activity,0,2013-05-13 20:25:04,2013-05-13 20:32:56,472
u03,Physical activity,3,2013-05-13 20:32:59,2013-05-13 20:33:02,3
u03,Physical activity,0,2013-05-13 20:33:04,2013-05-13 21:36:59,3835
u03,Physical activity,1,2013-05-13 21:37:02,2013-05-13 21:37:02,0
u03,Physical activity,0,2013-05-13 21:37:10,2013-05-15 09:19:28,42138
u03,Physical activity,3,2013-05-15 09:19:31,2013-05-15 09:19:36,5
u03,Physical activity,0,2013-05-15 09:19:39,2013-05-15 09:23:33,234
u03,Physical activity,3,2013-05-15 09:23:36,2013-05-15 09:23:46,10
u03,Physical activity,1,2013-05-15 09:23:49,2013-05-15 09:23:59,10
u03,Physical activity,0,2013-05-15 09:24:02,2013-05-15 09:39:33,931
u03,Physical activity,3,2013-05-15 09:39:35,2013-05-15 09:39:45,10
u03,Physical activity,0,2013-05-15 09:39:48,2013-05-15 09:43:53,245
u03,Physical activity,1,2013-05-15 09:43:56,2013-05-15 09:44:01,5
u03,Physical activity,0,2013-05-15 09:44:04,2013-05-15 09:47:50,226
u03,Physical activity,1,2013-05-15 09:47:58,2013-05-15 09:48:01,3
u03,Physical activity,0,2013-05-15 09:48:03,2013-05-15 09:48:22,19
u03,Physical activity,1,2013-05-15 09:51:35,2013-05-15 09:52:17,42
u03,Physical activity,0,2013-05-15 09:52:19,2013-05-15 09:56:19,240
u03,Physical activity,1,2013-05-15 09:56:22,2013-05-15 09:59:44,202
u03,Physical activity,0,2013-05-15 09:59:47,2013-05-15 10:03:36,229
u03,Physical activity,1,2013-05-15 10:03:39,2013-05-15 10:03:39,0
u03,Physical activity,2,2013-05-15 10:03:41,2013-05-15 10:07:25,224
u03,Physical activity,1,2013-05-15 10:07:28,2013-05-15 10:11:48,260
u03,Physical activity,0,2013-05-15 10:11:51,2013-05-15 10:12:16,25
u03,Physical activity,1,2013-05-15 10:12:19,2013-05-15 10:15:30,191
u03,Physical activity,0,2013-05-15 10:15:32,2013-05-15 10:15:32,0
u03,Physical activity,1,2013-05-15 10:15:35,2013-05-15 10:15:35,0
u03,Physical activity,0,2013-05-15 10:15:37,2013-05-15 10:15:55,18
u03,Physical activity,1,2013-05-15 10:16:03,2013-05-15 10:28:09,726
u03,Physical activity,3,2013-05-15 10:28:12,2013-05-15 10:31:25,193
u03,Physical activity,1,2013-05-15 10:31:27,2013-05-15 10:31:43,16
u03,Physical activity,0,2013-05-15 10:31:45,2013-05-15 10:39:34,469
u03,Physical activity,1,2013-05-15 10:39:37,2013-05-15 10:39:52,15
u03,Physical activity,0,2013-05-15 10:39:55,2013-05-15 10:40:03,8
u03,Physical activity,1,2013-05-15 10:40:08,2013-05-15 10:40:15,7
u03,Physical activity,0,2013-05-15 10:40:18,2013-05-15 10:43:26,188
u03,Physical activity,3,2013-05-15 10:43:29,2013-05-15 10:43:29,0
u03,Physical activity,0,2013-05-15 10:43:31,2013-05-15 10:47:36,245
u03,Physical activity,1,2013-05-15 10:47:39,2013-05-15 10:47:49,10
u03,Physical activity,2,2013-05-15 10:47:52,2013-05-15 10:48:02,10
u03,Physical activity,1,2013-05-15 10:48:04,2013-05-15 10:48:07,3
u03,Physical activity,2,2013-05-15 10:48:10,2013-05-15 10:51:33,203
u03,Physical activity,1,2013-05-15 10:51:36,2013-05-15 10:51:36,0
u03,Physical activity,2,2013-05-15 10:51:38,2013-05-15 10:51:56,18
u03,Physical activity,1,2013-05-15 10:51:59,2013-05-15 10:51:59,0
u03,Physical activity,2,2013-05-15 10:52:01,2013-05-15 10:52:01,0
u03,Physical activity,1,2013-05-15 10:52:04,2013-05-15 10:52:07,3
u03,Physical activity,2,2013-05-15 10:52:09,2013-05-15 10:52:12,3
u03,Physical activity,1,2013-05-15 10:52:14,2013-05-15 10:52:14,0
u03,Physical activity,2,2013-05-15 10:52:17,2013-05-15 10:52:17,0
u03,Physical activity,1,2013-05-15 10:52:20,2013-05-15 10:55:25,185
u03,Physical activity,0,2013-05-15 10:55:28,2013-05-21 09:16:04,80436
u03,Physical activity,3,2013-05-21 09:16:06,2013-05-21 09:16:06,0
u03,Physical activity,0,2013-05-21 09:16:09,2013-05-21 09:16:09,0
u03,Physical activity,3,2013-05-21 09:16:11,2013-05-21 09:16:11,0
u03,Physical activity,0,2013-05-21 09:16:14,2013-05-21 09:19:32,198
u03,Physical activity,1,2013-05-21 09:19:35,2013-05-21 09:19:53,18
u03,Physical activity,0,2013-05-21 09:19:56,2013-05-21 09:20:06,10
u03,Physical activity,1,2013-05-21 09:20:09,2013-05-21 09:20:14,5
u03,Physical activity,3,2013-05-21 09:20:16,2013-05-21 09:23:26,190
u03,Physical activity,1,2013-05-21 09:23:29,2013-05-21 09:24:00,31
u03,Physical activity,0,2013-05-21 09:24:02,2013-05-21 11:03:36,5974
u03,Physical activity,1,2013-05-21 11:03:39,2013-05-21 11:07:46,247
u03,Physical activity,2,2013-05-21 11:07:49,2013-05-21 11:07:49,0
u03,Physical activity,1,2013-05-21 11:07:52,2013-05-21 11:08:04,12
u03,Physical activity,2,2013-05-21 11:08:07,2013-05-21 11:08:07,0
u03,Physical activity,1,2013-05-21 11:08:10,2013-05-21 11:08:10,0
u03,Physical activity,2,2013-05-21 11:08:12,2013-05-21 11:08:12,0
u03,Physical activity,1,2013-05-21 11:08:15,2013-05-21 11:08:28,13
u03,Physical activity,2,2013-05-21 11:08:30,2013-05-21 11:12:12,222
u03,Physical activity,1,2013-05-21 11:12:14,2013-05-21 11:12:14,0
u03,Physical activity,0,2013-05-21 11:12:17,2013-05-21 11:12:17,0
u03,Physical activity,1,2013-05-21 11:12:20,2013-05-21 11:15:40,200
u03,Physical activity,0,2013-05-21 11:15:43,2013-05-21 11:31:46,963
u03,Physical activity,3,2013-05-21 11:31:49,2013-05-21 11:31:49,0
u03,Physical activity,0,2013-05-21 11:31:52,2013-05-21 11:32:28,36
u03,Physical activity,1,2013-05-21 11:32:30,2013-05-21 11:32:33,3
u03,Physical activity,3,2013-05-21 11:35:38,2013-05-21 11:35:38,0
u03,Physical activity,0,2013-05-21 11:35:41,2013-05-21 11:36:12,31
u03,Physical activity,3,2013-05-21 11:36:14,2013-05-21 11:36:22,8
u03,Physical activity,0,2013-05-21 11:36:25,2013-05-21 11:39:35,190
u03,Physical activity,3,2013-05-21 11:39:41,2013-05-21 11:39:46,5
u03,Physical activity,0,2013-05-21 11:39:51,2013-05-21 11:39:51,0
u03,Physical activity,3,2013-05-21 11:39:56,2013-05-21 11:40:09,13
u03,Physical activity,0,2013-05-21 11:40:12,2013-05-21 11:43:40,208
u03,Physical activity,3,2013-05-21 11:43:43,2013-05-21 11:43:56,13
u03,Physical activity,0,2013-05-21 11:43:58,2013-05-21 11:59:47,949
u03,Physical activity,3,2013-05-21 11:59:55,2013-05-21 12:00:00,5
u03,Physical activity,1,2013-05-21 12:00:08,2013-05-21 12:11:43,695
u03,Physical activity,0,2013-05-21 12:11:46,2013-05-21 12:12:22,36
u03,Physical activity,1,2013-05-21 12:12:25,2013-05-21 12:15:36,191
u03,Physical activity,0,2013-05-21 12:15:39,2013-05-21 12:19:51,252
u03,Physical activity,1,2013-05-21 12:20:17,2013-05-21 12:20:22,5
u03,Physical activity,3,2013-05-21 12:20:25,2013-05-21 12:20:33,8
u03,Physical activity,0,2013-05-21 12:23:41,2013-05-21 12:44:31,1250
u03,Physical activity,3,2013-05-21 12:44:33,2013-05-21 12:47:36,183
