uid,sociabilityType,typeEvent,datetime,endtime,duration
u23,Coversation,Sociability,2013-03-27 13:07:28,2013-03-27 14:02:46,3318
u23,Coversation,Sociability,2013-03-27 14:06:47,2013-03-27 14:18:33,706
u23,Coversation,Sociability,2013-03-27 14:22:44,2013-03-27 15:15:21,3157
u23,Coversation,Sociability,2013-03-27 15:18:51,2013-03-27 15:31:27,756
u23,Coversation,Sociability,2013-03-27 15:31:48,2013-03-27 15:33:28,100
u23,Coversation,Sociability,2013-03-27 16:34:08,2013-03-27 16:38:42,274
u23,Coversation,Sociability,2013-03-27 18:18:32,2013-03-27 18:20:02,90
u23,Coversation,Sociability,2013-03-27 18:40:46,2013-03-27 19:10:27,1781
u23,Coversation,Sociability,2013-03-27 19:10:58,2013-03-27 19:14:53,235
u23,Coversation,Sociability,2013-03-27 19:19:02,2013-03-27 19:25:50,408
u23,Coversation,Sociability,2013-03-27 19:37:42,2013-03-27 19:40:23,161
u23,Coversation,Sociability,2013-03-27 19:40:43,2013-03-27 19:45:45,302
u23,Coversation,Sociability,2013-03-27 19:49:56,2013-03-27 19:55:53,357
u23,Coversation,Sociability,2013-03-27 20:03:34,2013-03-27 20:07:49,255
u23,Coversation,Sociability,2013-03-27 21:39:54,2013-03-27 21:59:54,1200
u23,Coversation,Sociability,2013-03-27 22:00:14,2013-03-27 22:04:17,243
u23,Coversation,Sociability,2013-03-28 01:08:13,2013-03-28 01:09:24,71
u23,Coversation,Sociability,2013-03-28 08:30:19,2013-03-28 08:31:19,60
u23,Coversation,Sociability,2013-03-28 10:23:15,2013-03-28 10:24:16,61
u23,Coversation,Sociability,2013-03-28 10:36:17,2013-03-28 10:42:10,353
u23,Coversation,Sociability,2013-03-28 10:46:31,2013-03-28 10:46:51,20
u23,Coversation,Sociability,2013-03-28 10:58:54,2013-03-28 11:05:07,373
u23,Coversation,Sociability,2013-03-28 11:41:01,2013-03-28 12:05:33,1472
u23,Coversation,Sociability,2013-03-28 12:08:54,2013-03-28 12:20:39,705
u23,Coversation,Sociability,2013-03-28 12:24:00,2013-03-28 12:54:55,1855
u23,Coversation,Sociability,2013-03-28 12:59:06,2013-03-28 13:01:17,131
u23,Coversation,Sociability,2013-03-28 13:04:57,2013-03-28 13:09:21,264
u23,Coversation,Sociability,2013-03-28 13:13:02,2013-03-28 13:32:42,1180
u23,Coversation,Sociability,2013-03-28 13:48:23,2013-03-28 13:58:49,626
u23,Coversation,Sociability,2013-03-28 14:02:59,2013-03-28 14:57:17,3258
u23,Coversation,Sociability,2013-03-28 15:00:58,2013-03-28 15:43:29,2551
u23,Coversation,Sociability,2013-03-28 15:47:30,2013-03-28 16:03:28,958
u23,Coversation,Sociability,2013-03-28 16:19:20,2013-03-28 16:20:51,91
u23,Coversation,Sociability,2013-03-28 16:40:25,2013-03-28 16:44:06,221
u23,Coversation,Sociability,2013-03-28 16:52:18,2013-03-28 16:53:18,60
u23,Coversation,Sociability,2013-03-28 17:01:29,2013-03-28 17:11:24,595
u23,Coversation,Sociability,2013-03-28 17:11:45,2013-03-28 17:19:18,453
u23,Coversation,Sociability,2013-03-28 17:23:19,2013-03-28 17:25:50,151
u23,Coversation,Sociability,2013-03-28 17:29:31,2013-03-28 17:35:44,373
u23,Coversation,Sociability,2013-03-28 17:39:14,2013-03-28 17:42:46,212
u23,Coversation,Sociability,2013-03-28 17:46:16,2013-03-28 17:48:58,162
u23,Coversation,Sociability,2013-03-28 18:04:20,2013-03-28 18:14:05,585
u23,Coversation,Sociability,2013-03-28 18:22:47,2013-03-28 18:36:04,797
u23,Coversation,Sociability,2013-03-28 18:40:35,2013-03-28 18:43:36,181
u23,Coversation,Sociability,2013-03-28 18:43:46,2013-03-28 18:55:12,686
u23,Coversation,Sociability,2013-03-28 18:59:43,2013-03-28 19:12:40,777
u23,Coversation,Sociability,2013-03-28 19:12:50,2013-03-28 19:18:22,332
u23,Coversation,Sociability,2013-03-28 19:18:43,2013-03-28 19:21:04,141
u23,Coversation,Sociability,2013-03-28 19:21:34,2013-03-28 19:25:36,242
u23,Coversation,Sociability,2013-03-29 09:34:26,2013-03-29 09:45:21,655
u23,Coversation,Sociability,2013-03-29 09:49:52,2013-03-29 09:59:36,584
u23,Coversation,Sociability,2013-03-29 10:03:47,2013-03-29 11:10:31,4004
u23,Coversation,Sociability,2013-03-29 11:15:02,2013-03-29 11:16:43,101
u23,Coversation,Sociability,2013-03-29 11:20:44,2013-03-29 11:30:49,605
u23,Coversation,Sociability,2013-03-29 11:34:39,2013-03-29 11:46:45,726
u23,Coversation,Sociability,2013-03-29 11:47:05,2013-03-29 11:48:56,111
u23,Coversation,Sociability,2013-03-29 12:17:11,2013-03-29 12:20:09,178
u23,Coversation,Sociability,2013-03-29 15:24:25,2013-03-29 15:25:35,70
u23,Coversation,Sociability,2013-03-29 15:53:59,2013-03-29 15:56:20,141
u23,Coversation,Sociability,2013-03-29 16:00:10,2013-03-29 16:02:21,131
u23,Coversation,Sociability,2013-03-29 16:14:23,2013-03-29 16:16:04,101
u23,Coversation,Sociability,2013-03-29 16:20:14,2013-03-29 16:21:25,71
u23,Coversation,Sociability,2013-03-29 16:32:56,2013-03-29 16:42:51,595
u23,Coversation,Sociability,2013-03-29 16:46:52,2013-03-29 16:48:23,91
u23,Coversation,Sociability,2013-03-29 20:32:15,2013-03-29 20:39:49,454
u23,Coversation,Sociability,2013-03-29 20:43:30,2013-03-29 21:04:01,1231
u23,Coversation,Sociability,2013-03-29 21:31:26,2013-03-29 21:32:36,70
u23,Coversation,Sociability,2013-03-29 21:36:27,2013-03-29 22:03:40,1633
u23,Coversation,Sociability,2013-03-30 00:12:02,2013-03-30 00:13:43,101
u23,Coversation,Sociability,2013-03-30 00:17:54,2013-03-30 00:20:15,141
u23,Coversation,Sociability,2013-03-30 09:48:34,2013-03-30 09:50:25,111
u23,Coversation,Sociability,2013-03-30 12:50:04,2013-03-30 12:52:05,121
u23,Coversation,Sociability,2013-03-30 14:28:00,2013-03-30 14:30:01,121
u23,Coversation,Sociability,2013-03-30 15:42:12,2013-03-30 15:50:56,524
u23,Coversation,Sociability,2013-03-30 15:55:37,2013-03-30 16:04:52,555
u23,Coversation,Sociability,2013-03-30 16:05:22,2013-03-30 16:10:45,323
u23,Coversation,Sociability,2013-03-30 16:18:36,2013-03-30 16:19:57,81
u23,Coversation,Sociability,2013-03-30 16:20:07,2013-03-30 16:23:38,211
u23,Coversation,Sociability,2013-03-30 16:27:19,2013-03-30 16:28:31,72
u23,Coversation,Sociability,2013-03-30 19:32:46,2013-03-30 19:34:37,111
u23,Coversation,Sociability,2013-03-30 20:10:23,2013-03-30 20:16:46,383
u23,Coversation,Sociability,2013-03-30 20:37:02,2013-03-30 20:41:34,272
u23,Coversation,Sociability,2013-03-30 22:09:47,2013-03-30 22:11:38,111
u23,Coversation,Sociability,2013-03-30 22:15:33,2013-03-30 22:17:24,111
u23,Coversation,Sociability,2013-03-31 09:13:52,2013-03-31 09:17:03,191
u23,Coversation,Sociability,2013-03-31 10:13:21,2013-03-31 10:14:31,70
u23,Coversation,Sociability,2013-03-31 11:58:45,2013-03-31 12:00:06,81
u23,Coversation,Sociability,2013-03-31 13:12:36,2013-03-31 13:13:56,80
u23,Coversation,Sociability,2013-03-31 13:26:29,2013-03-31 13:27:31,62
u23,Coversation,Sociability,2013-03-31 13:35:32,2013-03-31 13:36:43,71
u23,Coversation,Sociability,2013-03-31 16:40:21,2013-03-31 16:43:02,161
u23,Coversation,Sociability,2013-03-31 17:27:49,2013-03-31 17:28:59,70
u23,Coversation,Sociability,2013-03-31 18:32:28,2013-03-31 18:37:01,273
u23,Coversation,Sociability,2013-03-31 18:44:52,2013-03-31 18:46:02,70
u23,Coversation,Sociability,2013-03-31 18:57:44,2013-03-31 18:59:25,101
u23,Coversation,Sociability,2013-03-31 19:03:35,2013-03-31 19:06:06,151
u23,Coversation,Sociability,2013-03-31 23:57:49,2013-04-01 00:00:00,131
u23,Coversation,Sociability,2013-04-01 00:04:01,2013-04-01 00:09:24,323
u23,Coversation,Sociability,2013-04-01 00:12:44,2013-04-01 00:15:56,192
u23,Coversation,Sociability,2013-04-01 00:16:06,2013-04-01 00:21:58,352
u23,Coversation,Sociability,2013-04-01 07:58:37,2013-04-01 08:07:22,525
u23,Coversation,Sociability,2013-04-01 09:39:46,2013-04-01 09:41:47,121
u23,Coversation,Sociability,2013-04-01 09:49:48,2013-04-01 10:10:38,1250
u23,Coversation,Sociability,2013-04-01 10:14:49,2013-04-01 11:15:10,3621
u23,Coversation,Sociability,2013-04-01 11:19:01,2013-04-01 11:21:12,131
u23,Coversation,Sociability,2013-04-01 11:36:44,2013-04-01 11:48:50,726
u23,Coversation,Sociability,2013-04-01 11:52:40,2013-04-01 11:54:51,131
u23,Coversation,Sociability,2013-04-01 11:59:12,2013-04-01 12:05:56,404
u23,Coversation,Sociability,2013-04-01 12:14:07,2013-04-01 12:24:03,596
u23,Coversation,Sociability,2013-04-01 12:28:03,2013-04-01 12:29:44,101
u23,Coversation,Sociability,2013-04-01 12:34:25,2013-04-01 12:36:26,121
u23,Coversation,Sociability,2013-04-01 13:32:15,2013-04-01 13:33:25,70
u23,Coversation,Sociability,2013-04-01 15:33:04,2013-04-01 15:41:38,514
u23,Coversation,Sociability,2013-04-01 15:44:58,2013-04-01 15:51:21,383
u23,Coversation,Sociability,2013-04-01 15:51:31,2013-04-01 15:54:53,202
u23,Coversation,Sociability,2013-04-01 16:55:12,2013-04-01 16:56:02,50
u23,Coversation,Sociability,2013-04-01 16:56:13,2013-04-01 16:57:23,70
u23,Coversation,Sociability,2013-04-01 18:29:46,2013-04-01 18:31:46,120
u23,Coversation,Sociability,2013-04-01 19:55:29,2013-04-01 20:05:44,615
u23,Coversation,Sociability,2013-04-01 20:09:25,2013-04-01 20:12:37,192
u23,Coversation,Sociability,2013-04-01 22:12:53,2013-04-01 22:22:08,555
u23,Coversation,Sociability,2013-04-01 22:33:49,2013-04-01 22:35:20,91
u23,Coversation,Sociability,2013-04-01 22:51:33,2013-04-01 22:53:03,90
u23,Coversation,Sociability,2013-04-01 22:57:04,2013-04-01 22:58:04,60
u23,Coversation,Sociability,2013-04-02 00:42:11,2013-04-02 00:43:12,61
u23,Coversation,Sociability,2013-04-02 00:47:12,2013-04-02 00:48:02,50
u23,Coversation,Sociability,2013-04-02 00:55:54,2013-04-02 01:00:16,262
u23,Coversation,Sociability,2013-04-02 08:48:59,2013-04-02 08:50:20,81
u23,Coversation,Sociability,2013-04-02 08:58:41,2013-04-02 09:17:31,1130
u23,Coversation,Sociability,2013-04-02 13:26:07,2013-04-02 13:30:19,252
u23,Coversation,Sociability,2013-04-02 13:58:23,2013-04-02 14:01:48,205
u23,Coversation,Sociability,2013-04-02 14:06:18,2013-04-02 15:27:30,4872
u23,Coversation,Sociability,2013-04-02 15:31:11,2013-04-02 15:53:36,1345
u23,Coversation,Sociability,2013-04-02 15:57:57,2013-04-02 16:10:43,766
u23,Coversation,Sociability,2013-04-02 16:19:05,2013-04-02 16:21:16,131
u23,Coversation,Sociability,2013-04-02 16:49:20,2013-04-02 16:51:21,121
u23,Coversation,Sociability,2013-04-02 16:55:01,2013-04-02 17:34:01,2340
u23,Coversation,Sociability,2013-04-02 17:34:11,2013-04-02 18:03:08,1737
u23,Coversation,Sociability,2013-04-02 18:06:59,2013-04-02 18:08:30,91
u23,Coversation,Sociability,2013-04-02 18:12:20,2013-04-02 18:13:31,71
u23,Coversation,Sociability,2013-04-02 18:16:51,2013-04-02 18:22:54,363
u23,Coversation,Sociability,2013-04-02 18:26:55,2013-04-02 18:40:52,837
u23,Coversation,Sociability,2013-04-02 18:45:03,2013-04-02 18:46:23,80
u23,Coversation,Sociability,2013-04-02 18:50:04,2013-04-02 18:57:27,443
u23,Coversation,Sociability,2013-04-02 19:05:29,2013-04-02 19:05:59,30
u23,Coversation,Sociability,2013-04-02 19:09:49,2013-04-02 19:22:46,777
u23,Coversation,Sociability,2013-04-03 09:48:06,2013-04-03 09:59:52,706
u23,Coversation,Sociability,2013-04-03 10:08:14,2013-04-03 10:11:35,201
u23,Coversation,Sociability,2013-04-03 10:12:16,2013-04-03 10:16:18,242
u23,Coversation,Sociability,2013-04-03 10:35:41,2013-04-03 10:45:56,615
u23,Coversation,Sociability,2013-04-03 10:49:46,2013-04-03 10:57:40,474
u23,Coversation,Sociability,2013-04-03 11:02:01,2013-04-03 11:03:31,90
u23,Coversation,Sociability,2013-04-03 11:55:59,2013-04-03 11:58:10,131
u23,Coversation,Sociability,2013-04-03 12:02:11,2013-04-03 12:13:06,655
u23,Coversation,Sociability,2013-04-03 13:01:24,2013-04-03 13:12:19,655
u23,Coversation,Sociability,2013-04-03 13:16:30,2013-04-03 13:24:54,504
u23,Coversation,Sociability,2013-04-03 13:25:24,2013-04-03 13:27:45,141
u23,Coversation,Sociability,2013-04-03 13:32:26,2013-04-03 13:39:40,434
u23,Coversation,Sociability,2013-04-03 13:55:22,2013-04-03 14:00:24,302
u23,Coversation,Sociability,2013-04-03 16:54:10,2013-04-03 17:08:17,847
u23,Coversation,Sociability,2013-04-03 17:08:38,2013-04-03 17:19:02,624
u23,Coversation,Sociability,2013-04-03 17:19:23,2013-04-03 17:22:34,191
u23,Coversation,Sociability,2013-04-03 17:20:34,2013-04-03 17:23:36,182
u23,Coversation,Sociability,2013-04-03 19:55:57,2013-04-03 20:02:50,413
u23,Coversation,Sociability,2013-04-03 20:06:51,2013-04-03 20:09:02,131
u23,Coversation,Sociability,2013-04-03 20:32:35,2013-04-03 20:37:27,292
u23,Coversation,Sociability,2013-04-04 04:27:24,2013-04-04 04:29:15,111
u23,Coversation,Sociability,2013-04-04 04:33:16,2013-04-04 04:35:27,131
u23,Coversation,Sociability,2013-04-04 04:47:39,2013-04-04 04:59:04,685
u23,Coversation,Sociability,2013-04-04 05:02:24,2013-04-04 05:18:23,959
u23,Coversation,Sociability,2013-04-04 05:18:16,2013-04-04 05:21:17,181
u23,Coversation,Sociability,2013-04-04 05:18:43,2013-04-04 05:43:56,1513
u23,Coversation,Sociability,2013-04-04 05:47:27,2013-04-04 06:12:30,1503
u23,Coversation,Sociability,2013-04-04 06:05:13,2013-04-04 06:06:44,91
u23,Coversation,Sociability,2013-04-04 06:20:21,2013-04-04 06:26:14,353
u23,Coversation,Sociability,2013-04-04 06:34:38,2013-04-04 06:36:09,91
u23,Coversation,Sociability,2013-04-04 06:34:45,2013-04-04 06:38:47,242
u23,Coversation,Sociability,2013-04-04 06:39:29,2013-04-04 06:41:50,141
u23,Coversation,Sociability,2013-04-04 06:45:31,2013-04-04 07:02:49,1038
u23,Coversation,Sociability,2013-04-04 06:46:28,2013-04-04 06:51:31,303
u23,Coversation,Sociability,2013-04-04 07:06:40,2013-04-04 08:02:38,3358
u23,Coversation,Sociability,2013-04-04 08:02:58,2013-04-04 08:30:32,1654
u23,Coversation,Sociability,2013-04-04 08:35:03,2013-04-04 08:46:39,696
u23,Coversation,Sociability,2013-04-04 08:50:39,2013-04-04 09:02:35,716
u23,Coversation,Sociability,2013-04-04 09:06:36,2013-04-04 10:00:05,3209
u23,Coversation,Sociability,2013-04-04 10:03:26,2013-04-04 10:05:47,141
u23,Coversation,Sociability,2013-04-04 10:26:09,2013-04-04 10:28:01,112
u23,Coversation,Sociability,2013-04-04 10:59:45,2013-04-04 11:00:55,70
u23,Coversation,Sociability,2013-04-04 11:12:47,2013-04-04 11:13:47,60
u23,Coversation,Sociability,2013-04-04 12:26:19,2013-04-04 12:29:00,161
u23,Coversation,Sociability,2013-04-04 13:12:56,2013-04-04 13:15:47,171
u23,Coversation,Sociability,2013-04-04 15:20:36,2013-04-04 15:24:07,211
u23,Coversation,Sociability,2013-04-04 15:24:28,2013-04-04 15:25:58,90
u23,Coversation,Sociability,2013-04-04 16:06:24,2013-04-04 16:20:41,857
u23,Coversation,Sociability,2013-04-04 16:56:17,2013-04-04 16:58:10,113
u23,Coversation,Sociability,2013-04-05 04:23:51,2013-04-05 04:30:34,403
u23,Coversation,Sociability,2013-04-05 04:34:45,2013-04-05 04:35:55,70
u23,Coversation,Sociability,2013-04-05 04:43:46,2013-04-05 04:47:59,253
u23,Coversation,Sociability,2013-04-05 04:51:29,2013-04-05 04:59:43,494
u23,Coversation,Sociability,2013-04-05 05:03:24,2013-04-05 06:15:31,4327
u23,Coversation,Sociability,2013-04-05 06:23:33,2013-04-05 06:25:34,121
u23,Coversation,Sociability,2013-04-05 07:17:42,2013-04-05 07:19:02,80
u23,Coversation,Sociability,2013-04-05 08:31:11,2013-04-05 08:33:53,162
u23,Coversation,Sociability,2013-04-05 08:34:13,2013-04-05 08:35:23,70
u23,Coversation,Sociability,2013-04-05 11:23:28,2013-04-05 11:24:38,70
u23,Coversation,Sociability,2013-04-05 12:16:27,2013-04-05 12:33:46,1039
u23,Coversation,Sociability,2013-04-05 12:38:07,2013-04-05 12:42:10,243
u23,Coversation,Sociability,2013-04-05 12:50:11,2013-04-05 13:00:46,635
u23,Coversation,Sociability,2013-04-05 13:04:06,2013-04-05 13:50:30,2784
u23,Coversation,Sociability,2013-04-05 13:54:00,2013-04-05 13:56:01,121
u23,Coversation,Sociability,2013-04-05 13:56:11,2013-04-05 14:13:20,1029
u23,Coversation,Sociability,2013-04-05 14:17:00,2013-04-05 14:25:15,495
u23,Coversation,Sociability,2013-04-05 14:29:36,2013-04-05 14:44:43,907
u23,Coversation,Sociability,2013-04-05 15:04:16,2013-04-05 15:20:03,947
u23,Coversation,Sociability,2013-04-05 15:52:38,2013-04-05 16:01:53,555
u23,Coversation,Sociability,2013-04-05 16:09:13,2013-04-05 16:12:55,222
u23,Coversation,Sociability,2013-04-05 16:16:36,2013-04-05 16:45:11,1715
u23,Coversation,Sociability,2013-04-05 16:49:22,2013-04-05 16:51:12,110
u23,Coversation,Sociability,2013-04-05 17:03:15,2013-04-05 17:20:13,1018
u23,Coversation,Sociability,2013-04-05 17:36:16,2013-04-05 17:38:17,121
u23,Coversation,Sociability,2013-04-05 20:02:47,2013-04-05 20:04:07,80
u23,Coversation,Sociability,2013-04-05 21:07:36,2013-04-05 21:11:48,252
u23,Coversation,Sociability,2013-04-05 21:15:49,2013-04-05 21:21:11,322
u23,Coversation,Sociability,2013-04-06 05:01:34,2013-04-06 05:02:55,81
u23,Coversation,Sociability,2013-04-06 05:06:36,2013-04-06 05:07:46,70
u23,Coversation,Sociability,2013-04-06 08:11:31,2013-04-06 08:20:35,544
u23,Coversation,Sociability,2013-04-06 10:28:44,2013-04-06 10:33:16,272
u23,Coversation,Sociability,2013-04-06 10:36:37,2013-04-06 10:52:35,958
u23,Coversation,Sociability,2013-04-06 11:09:08,2013-04-06 11:15:41,393
u23,Coversation,Sociability,2013-04-06 11:16:01,2013-04-06 11:18:22,141
u23,Coversation,Sociability,2013-04-06 11:21:42,2013-04-06 11:43:14,1292
u23,Coversation,Sociability,2013-04-06 11:43:24,2013-04-06 11:54:49,685
u23,Coversation,Sociability,2013-04-06 11:58:40,2013-04-06 12:12:27,827
u23,Coversation,Sociability,2013-04-06 12:16:17,2013-04-06 12:21:20,303
u23,Coversation,Sociability,2013-04-06 12:36:52,2013-04-06 12:38:32,100
u23,Coversation,Sociability,2013-04-06 13:02:16,2013-04-06 13:04:06,110
u23,Coversation,Sociability,2013-04-06 13:36:31,2013-04-06 13:48:07,696
u23,Coversation,Sociability,2013-04-06 13:55:58,2013-04-06 14:19:20,1402
u23,Coversation,Sociability,2013-04-06 14:31:32,2013-04-06 14:34:54,202
u23,Coversation,Sociability,2013-04-06 14:59:07,2013-04-06 15:12:24,797
u23,Coversation,Sociability,2013-04-06 16:56:10,2013-04-06 17:07:15,665
u23,Coversation,Sociability,2013-04-06 17:43:51,2013-04-06 17:45:11,80
u23,Coversation,Sociability,2013-04-06 17:49:32,2013-04-06 17:51:34,122
u23,Coversation,Sociability,2013-04-06 18:23:48,2013-04-06 18:24:18,30
u23,Coversation,Sociability,2013-04-06 18:44:51,2013-04-06 18:49:54,303
u23,Coversation,Sociability,2013-04-06 18:53:44,2013-04-06 18:59:47,363
u23,Coversation,Sociability,2013-04-06 20:27:23,2013-04-06 20:44:11,1008
u23,Coversation,Sociability,2013-04-06 20:47:41,2013-04-06 21:04:23,1002
u23,Coversation,Sociability,2013-04-07 04:45:40,2013-04-07 04:49:52,252
u23,Coversation,Sociability,2013-04-07 05:49:20,2013-04-07 06:15:14,1554
u23,Coversation,Sociability,2013-04-07 06:19:35,2013-04-07 06:22:07,152
u23,Coversation,Sociability,2013-04-07 06:30:38,2013-04-07 06:34:30,232
u23,Coversation,Sociability,2013-04-07 06:46:53,2013-04-07 06:56:08,555
u23,Coversation,Sociability,2013-04-07 08:40:03,2013-04-07 08:42:14,131
u23,Coversation,Sociability,2013-04-07 08:53:46,2013-04-07 09:03:01,555
u23,Coversation,Sociability,2013-04-07 10:35:14,2013-04-07 10:36:45,91
u23,Coversation,Sociability,2013-04-07 10:41:15,2013-04-07 10:41:36,21
u23,Coversation,Sociability,2013-04-07 10:45:56,2013-04-07 10:48:38,162
u23,Coversation,Sociability,2013-04-07 11:00:50,2013-04-07 11:02:00,70
u23,Coversation,Sociability,2013-04-07 11:06:11,2013-04-07 11:07:01,50
u23,Coversation,Sociability,2013-04-07 12:11:00,2013-04-07 12:12:51,111
u23,Coversation,Sociability,2013-04-07 12:53:26,2013-04-07 13:12:07,1121
u23,Coversation,Sociability,2013-04-07 13:20:28,2013-04-07 13:25:31,303
u23,Coversation,Sociability,2013-04-07 13:29:12,2013-04-07 13:31:02,110
u23,Coversation,Sociability,2013-04-07 14:23:30,2013-04-07 14:33:25,595
u23,Coversation,Sociability,2013-04-07 14:41:06,2013-04-07 14:52:12,666
u23,Coversation,Sociability,2013-04-07 15:00:14,2013-04-07 15:07:48,454
u23,Coversation,Sociability,2013-04-07 16:18:57,2013-04-07 16:31:24,747
u23,Coversation,Sociability,2013-04-07 16:35:14,2013-04-07 16:39:46,272
u23,Coversation,Sociability,2013-04-07 17:07:11,2013-04-07 17:10:32,201
u23,Coversation,Sociability,2013-04-07 17:22:34,2013-04-07 17:24:35,121
u23,Coversation,Sociability,2013-04-07 17:28:36,2013-04-07 17:30:27,111
u23,Coversation,Sociability,2013-04-07 17:38:38,2013-04-07 17:39:49,71
u23,Coversation,Sociability,2013-04-07 17:43:39,2013-04-07 17:45:10,91
u23,Coversation,Sociability,2013-04-07 18:01:32,2013-04-07 18:03:33,121
u23,Coversation,Sociability,2013-04-07 18:07:24,2013-04-07 18:14:17,413
u23,Coversation,Sociability,2013-04-07 18:18:28,2013-04-07 18:20:29,121
u23,Coversation,Sociability,2013-04-07 18:32:20,2013-04-07 18:34:42,142
u23,Coversation,Sociability,2013-04-07 18:38:42,2013-04-07 18:44:35,353
u23,Coversation,Sociability,2013-04-07 18:44:46,2013-04-07 18:50:49,363
u23,Coversation,Sociability,2013-04-07 18:54:39,2013-04-07 19:17:31,1372
u23,Coversation,Sociability,2013-04-07 19:25:22,2013-04-07 19:26:52,90
u23,Coversation,Sociability,2013-04-08 04:51:07,2013-04-08 04:52:18,71
u23,Coversation,Sociability,2013-04-08 04:56:28,2013-04-08 05:00:51,263
u23,Coversation,Sociability,2013-04-08 05:08:01,2013-04-08 05:48:52,2451
u23,Coversation,Sociability,2013-04-08 05:52:12,2013-04-08 06:18:26,1574
u23,Coversation,Sociability,2013-04-08 06:22:17,2013-04-08 06:28:40,383
u23,Coversation,Sociability,2013-04-08 06:32:31,2013-04-08 06:35:22,171
u23,Coversation,Sociability,2013-04-08 06:43:03,2013-04-08 06:44:44,101
u23,Coversation,Sociability,2013-04-08 07:52:14,2013-04-08 08:11:53,1179
u23,Coversation,Sociability,2013-04-08 08:19:45,2013-04-08 08:36:03,978
u23,Coversation,Sociability,2013-04-08 11:35:39,2013-04-08 11:41:52,373
u23,Coversation,Sociability,2013-04-08 11:53:53,2013-04-08 12:06:20,747
u23,Coversation,Sociability,2013-04-08 14:21:48,2013-04-08 14:23:18,90
u23,Coversation,Sociability,2013-04-08 14:31:09,2013-04-08 14:32:20,71
u23,Coversation,Sociability,2013-04-08 14:40:21,2013-04-08 14:46:54,393
u23,Coversation,Sociability,2013-04-08 15:55:15,2013-04-08 15:58:06,171
u23,Coversation,Sociability,2013-04-08 16:06:07,2013-04-08 16:07:07,60
u23,Coversation,Sociability,2013-04-08 16:39:12,2013-04-08 16:41:03,111
u23,Coversation,Sociability,2013-04-08 16:44:53,2013-04-08 17:07:25,1352
u23,Coversation,Sociability,2013-04-08 17:23:17,2013-04-08 17:25:40,143
u23,Coversation,Sociability,2013-04-08 18:45:21,2013-04-08 18:46:31,70
u23,Coversation,Sociability,2013-04-08 18:50:32,2013-04-08 18:51:42,70
u23,Coversation,Sociability,2013-04-08 18:55:23,2013-04-08 19:00:55,332
u23,Coversation,Sociability,2013-04-08 19:01:16,2013-04-08 19:02:26,70
u23,Coversation,Sociability,2013-04-08 19:54:23,2013-04-08 19:57:35,192
u23,Coversation,Sociability,2013-04-08 20:13:27,2013-04-08 20:21:01,454
u23,Coversation,Sociability,2013-04-08 20:25:22,2013-04-08 20:37:38,736
u23,Coversation,Sociability,2013-04-09 04:42:27,2013-04-09 04:43:37,70
u23,Coversation,Sociability,2013-04-09 06:15:40,2013-04-09 06:18:02,142
u23,Coversation,Sociability,2013-04-09 06:33:54,2013-04-09 06:44:19,625
u23,Coversation,Sociability,2013-04-09 06:48:59,2013-04-09 06:52:51,232
u23,Coversation,Sociability,2013-04-09 07:36:38,2013-04-09 07:37:39,61
u23,Coversation,Sociability,2013-04-09 07:53:31,2013-04-09 07:56:22,171
u23,Coversation,Sociability,2013-04-09 08:08:34,2013-04-09 08:47:23,2329
u23,Coversation,Sociability,2013-04-09 08:59:56,2013-04-09 10:18:46,4730
u23,Coversation,Sociability,2013-04-09 10:22:47,2013-04-09 10:32:52,605
u23,Coversation,Sociability,2013-04-09 11:40:43,2013-04-09 11:42:04,81
u23,Coversation,Sociability,2013-04-09 13:01:55,2013-04-09 13:03:15,80
u23,Coversation,Sociability,2013-04-09 15:03:32,2013-04-09 15:04:43,71
u23,Coversation,Sociability,2013-04-09 16:16:42,2013-04-09 16:18:33,111
u23,Coversation,Sociability,2013-04-09 16:30:15,2013-04-09 16:35:47,332
u23,Coversation,Sociability,2013-04-09 16:43:28,2013-04-09 16:44:49,81
u23,Coversation,Sociability,2013-04-09 16:48:39,2013-04-09 16:57:23,524
u23,Coversation,Sociability,2013-04-09 16:57:44,2013-04-09 16:58:34,50
u23,Coversation,Sociability,2013-04-09 17:34:39,2013-04-09 17:36:00,81
u23,Coversation,Sociability,2013-04-09 18:31:18,2013-04-09 18:32:18,60
u23,Coversation,Sociability,2013-04-09 19:36:27,2013-04-09 20:12:49,2182
u23,Coversation,Sociability,2013-04-10 04:45:09,2013-04-10 04:46:29,80
u23,Coversation,Sociability,2013-04-10 04:46:39,2013-04-10 04:48:10,91
u23,Coversation,Sociability,2013-04-10 04:48:30,2013-04-10 04:51:12,162
u23,Coversation,Sociability,2013-04-10 04:59:33,2013-04-10 06:27:38,5285
u23,Coversation,Sociability,2013-04-10 06:39:40,2013-04-10 06:42:01,141
u23,Coversation,Sociability,2013-04-10 06:45:31,2013-04-10 06:47:42,131
u23,Coversation,Sociability,2013-04-10 06:51:53,2013-04-10 06:54:24,151
u23,Coversation,Sociability,2013-04-10 06:58:45,2013-04-10 07:02:27,222
u23,Coversation,Sociability,2013-04-10 07:06:38,2013-04-10 07:07:48,70
u23,Coversation,Sociability,2013-04-10 07:19:50,2013-04-10 07:20:40,50
u23,Coversation,Sociability,2013-04-10 10:37:09,2013-04-10 10:38:00,51
u23,Coversation,Sociability,2013-04-10 11:17:45,2013-04-10 11:22:28,283
u23,Coversation,Sociability,2013-04-10 12:18:07,2013-04-10 12:29:43,696
u23,Coversation,Sociability,2013-04-10 14:34:00,2013-04-10 14:42:45,525
u23,Coversation,Sociability,2013-04-10 17:27:37,2013-04-10 17:28:57,80
u23,Coversation,Sociability,2013-04-10 20:36:56,2013-04-10 20:43:40,404
u23,Coversation,Sociability,2013-04-11 05:00:14,2013-04-11 05:03:46,212
u23,Coversation,Sociability,2013-04-11 05:07:47,2013-04-11 05:08:57,70
u23,Coversation,Sociability,2013-04-11 06:44:53,2013-04-11 06:54:18,565
u23,Coversation,Sociability,2013-04-11 06:58:39,2013-04-11 08:02:11,3812
u23,Coversation,Sociability,2013-04-11 08:05:52,2013-04-11 08:17:17,685
u23,Coversation,Sociability,2013-04-11 08:17:58,2013-04-11 08:43:11,1513
u23,Coversation,Sociability,2013-04-11 08:46:52,2013-04-11 08:49:03,131
u23,Coversation,Sociability,2013-04-11 08:52:53,2013-04-11 08:53:54,61
u23,Coversation,Sociability,2013-04-11 08:57:54,2013-04-11 09:07:47,593
u23,Coversation,Sociability,2013-04-11 12:43:29,2013-04-11 12:44:39,70
u23,Coversation,Sociability,2013-04-11 12:48:50,2013-04-11 12:53:12,262
u23,Coversation,Sociability,2013-04-11 13:04:53,2013-04-11 13:06:04,71
u23,Coversation,Sociability,2013-04-11 15:41:47,2013-04-11 15:46:50,303
u23,Coversation,Sociability,2013-04-11 16:18:45,2013-04-11 16:43:23,1478
u23,Coversation,Sociability,2013-04-11 16:54:54,2013-04-11 17:18:26,1412
u23,Coversation,Sociability,2013-04-11 17:29:58,2013-04-11 17:38:42,524
u23,Coversation,Sociability,2013-04-11 19:38:59,2013-04-11 19:47:23,504
u23,Coversation,Sociability,2013-04-11 19:51:24,2013-04-11 20:07:42,978
u23,Coversation,Sociability,2013-04-12 04:39:52,2013-04-12 04:44:54,302
u23,Coversation,Sociability,2013-04-12 04:48:45,2013-04-12 04:58:50,605
u23,Coversation,Sociability,2013-04-12 04:59:00,2013-04-12 05:00:41,101
u23,Coversation,Sociability,2013-04-12 05:04:52,2013-04-12 05:25:32,1240
u23,Coversation,Sociability,2013-04-12 05:28:53,2013-04-12 06:23:20,3267
u23,Coversation,Sociability,2013-04-12 06:59:16,2013-04-12 06:59:56,40
u23,Coversation,Sociability,2013-04-12 07:28:30,2013-04-12 07:34:03,333
u23,Coversation,Sociability,2013-04-12 07:34:13,2013-04-12 07:35:34,81
u23,Coversation,Sociability,2013-04-12 07:39:35,2013-04-12 08:00:26,1251
u23,Coversation,Sociability,2013-04-12 08:04:06,2013-04-12 08:07:48,222
u23,Coversation,Sociability,2013-04-12 08:11:18,2013-04-12 08:13:19,121
u23,Coversation,Sociability,2013-04-12 08:53:26,2013-04-12 09:41:49,2903
u23,Coversation,Sociability,2013-04-12 09:45:39,2013-04-12 09:47:10,91
u23,Coversation,Sociability,2013-04-12 11:07:05,2013-04-12 11:11:07,242
u23,Coversation,Sociability,2013-04-12 11:27:29,2013-04-12 11:38:25,656
u23,Coversation,Sociability,2013-04-12 11:42:16,2013-04-12 11:45:27,191
u23,Coversation,Sociability,2013-04-12 11:49:18,2013-04-12 11:50:39,81
u23,Coversation,Sociability,2013-04-12 12:06:51,2013-04-12 12:11:23,272
u23,Coversation,Sociability,2013-04-12 12:19:34,2013-04-12 12:22:26,172
u23,Coversation,Sociability,2013-04-12 12:54:40,2013-04-12 12:56:21,101
u23,Coversation,Sociability,2013-04-12 13:04:22,2013-04-12 13:24:13,1191
u23,Coversation,Sociability,2013-04-12 13:44:56,2013-04-12 13:50:59,363
u23,Coversation,Sociability,2013-04-12 13:55:00,2013-04-12 13:59:12,252
u23,Coversation,Sociability,2013-04-12 14:02:53,2013-04-12 14:22:13,1160
u23,Coversation,Sociability,2013-04-12 14:25:33,2013-04-12 14:28:04,151
u23,Coversation,Sociability,2013-04-12 14:43:57,2013-04-12 14:54:22,625
u23,Coversation,Sociability,2013-04-12 15:14:35,2013-04-12 15:16:57,142
u23,Coversation,Sociability,2013-04-12 16:12:35,2013-04-12 16:15:26,171
u23,Coversation,Sociability,2013-04-12 16:23:38,2013-04-12 16:24:58,80
u23,Coversation,Sociability,2013-04-12 16:52:42,2013-04-12 17:04:38,716
u23,Coversation,Sociability,2013-04-12 17:32:43,2013-04-12 17:36:14,211
u23,Coversation,Sociability,2013-04-12 18:04:19,2013-04-12 18:06:09,110
u23,Coversation,Sociability,2013-04-12 18:30:13,2013-04-12 18:31:13,60
u23,Coversation,Sociability,2013-04-12 18:46:55,2013-04-12 18:48:06,71
u23,Coversation,Sociability,2013-04-12 19:16:20,2013-04-12 19:17:21,61
u23,Coversation,Sociability,2013-04-12 19:53:06,2013-04-12 20:19:49,1603
u23,Coversation,Sociability,2013-04-12 21:04:36,2013-04-12 21:08:08,212
u23,Coversation,Sociability,2013-04-13 06:13:13,2013-04-13 06:16:55,222
u23,Coversation,Sociability,2013-04-13 06:37:28,2013-04-13 06:50:15,767
u23,Coversation,Sociability,2013-04-13 07:06:17,2013-04-13 07:17:23,666
u23,Coversation,Sociability,2013-04-13 07:25:24,2013-04-13 07:29:56,272
u23,Coversation,Sociability,2013-04-13 07:38:08,2013-04-13 07:44:13,365
u23,Coversation,Sociability,2013-04-13 08:00:05,2013-04-13 08:09:00,535
u23,Coversation,Sociability,2013-04-13 08:33:03,2013-04-13 08:35:24,141
u23,Coversation,Sociability,2013-04-13 11:03:26,2013-04-13 11:04:26,60
u23,Coversation,Sociability,2013-04-13 13:12:48,2013-04-13 13:13:58,70
u23,Coversation,Sociability,2013-04-13 13:33:33,2013-04-13 13:53:02,1169
u23,Coversation,Sociability,2013-04-13 13:56:33,2013-04-13 13:58:34,121
u23,Coversation,Sociability,2013-04-13 14:10:56,2013-04-13 14:12:46,110
u23,Coversation,Sociability,2013-04-13 14:16:47,2013-04-13 14:20:29,222
u23,Coversation,Sociability,2013-04-13 14:20:39,2013-04-13 14:24:31,232
u23,Coversation,Sociability,2013-04-13 14:40:54,2013-04-13 14:43:25,151
u23,Coversation,Sociability,2013-04-13 14:43:45,2013-04-13 14:49:18,333
u23,Coversation,Sociability,2013-04-13 15:04:50,2013-04-13 15:05:40,50
u23,Coversation,Sociability,2013-04-13 15:09:31,2013-04-13 15:20:36,665
u23,Coversation,Sociability,2013-04-13 15:20:47,2013-04-13 15:29:11,504
u23,Coversation,Sociability,2013-04-13 17:16:58,2013-04-13 17:41:40,1482
u23,Coversation,Sociability,2013-04-13 18:06:04,2013-04-13 18:07:15,71
u23,Coversation,Sociability,2013-04-13 18:31:18,2013-04-13 18:32:08,50
u23,Coversation,Sociability,2013-04-13 19:24:05,2013-04-13 19:56:11,1926
u23,Coversation,Sociability,2013-04-13 20:00:02,2013-04-13 20:05:45,343
u23,Coversation,Sociability,2013-04-13 20:09:55,2013-04-13 20:11:36,101
u23,Coversation,Sociability,2013-04-14 07:24:17,2013-04-14 07:32:31,494
u23,Coversation,Sociability,2013-04-14 08:40:31,2013-04-14 08:42:22,111
u23,Coversation,Sociability,2013-04-14 09:34:20,2013-04-14 09:36:31,131
u23,Coversation,Sociability,2013-04-14 09:36:51,2013-04-14 09:41:03,252
u23,Coversation,Sociability,2013-04-14 10:24:30,2013-04-14 10:25:40,70
u23,Coversation,Sociability,2013-04-14 11:45:31,2013-04-14 12:21:40,2169
u23,Coversation,Sociability,2013-04-14 12:45:23,2013-04-14 12:52:46,443
u23,Coversation,Sociability,2013-04-14 15:44:59,2013-04-14 15:52:12,433
u23,Coversation,Sociability,2013-04-14 15:59:53,2013-04-14 16:03:15,202
u23,Coversation,Sociability,2013-04-14 17:11:04,2013-04-14 17:14:28,204
u23,Coversation,Sociability,2013-04-14 17:22:00,2013-04-14 17:31:55,595
u23,Coversation,Sociability,2013-04-14 17:31:55,2013-04-14 17:33:46,111
u23,Coversation,Sociability,2013-04-14 17:45:07,2013-04-14 17:49:29,262
u23,Coversation,Sociability,2013-04-14 18:13:03,2013-04-14 18:14:03,60
u23,Coversation,Sociability,2013-04-14 18:14:34,2013-04-14 18:16:04,90
u23,Coversation,Sociability,2013-04-14 19:08:12,2013-04-14 19:20:17,725
u23,Coversation,Sociability,2013-04-14 20:04:14,2013-04-14 20:06:35,141
u23,Coversation,Sociability,2013-04-14 20:10:25,2013-04-14 20:15:58,333
u23,Coversation,Sociability,2013-04-15 04:36:01,2013-04-15 04:37:01,60
u23,Coversation,Sociability,2013-04-15 04:45:03,2013-04-15 05:03:22,1099
u23,Coversation,Sociability,2013-04-15 05:07:03,2013-04-15 05:39:39,1956
u23,Coversation,Sociability,2013-04-15 06:08:24,2013-04-15 06:14:37,373
u23,Coversation,Sociability,2013-04-15 06:18:08,2013-04-15 06:37:28,1160
u23,Coversation,Sociability,2013-04-15 06:41:38,2013-04-15 06:47:41,363
u23,Coversation,Sociability,2013-04-15 06:51:42,2013-04-15 06:56:45,303
u23,Coversation,Sociability,2013-04-15 07:00:45,2013-04-15 07:05:38,293
u23,Coversation,Sociability,2013-04-15 08:25:39,2013-04-15 08:27:10,91
u23,Coversation,Sociability,2013-04-15 08:43:22,2013-04-15 08:45:03,101
u23,Coversation,Sociability,2013-04-15 09:16:58,2013-04-15 09:17:58,60
u23,Coversation,Sociability,2013-04-15 10:41:31,2013-04-15 10:49:35,484
u23,Coversation,Sociability,2013-04-15 11:01:37,2013-04-15 11:05:29,232
u23,Coversation,Sociability,2013-04-15 12:26:01,2013-04-15 12:27:02,61
u23,Coversation,Sociability,2013-04-15 13:27:11,2013-04-15 13:27:51,40
u23,Coversation,Sociability,2013-04-15 14:07:48,2013-04-15 14:09:09,81
u23,Coversation,Sociability,2013-04-15 14:09:19,2013-04-15 14:10:50,91
u23,Coversation,Sociability,2013-04-15 16:43:33,2013-04-15 16:50:46,433
u23,Coversation,Sociability,2013-04-15 17:05:58,2013-04-15 17:10:31,273
u23,Coversation,Sociability,2013-04-15 17:14:41,2013-04-15 17:18:23,222
u23,Coversation,Sociability,2013-04-15 17:46:17,2013-04-15 17:48:48,151
u23,Coversation,Sociability,2013-04-15 17:52:19,2013-04-15 17:54:40,141
u23,Coversation,Sociability,2013-04-15 18:02:31,2013-04-15 18:07:34,303
u23,Coversation,Sociability,2013-04-15 19:07:23,2013-04-15 19:13:06,343
u23,Coversation,Sociability,2013-04-15 19:17:47,2013-04-15 19:18:57,70
u23,Coversation,Sociability,2013-04-15 19:38:20,2013-04-15 19:39:31,71
u23,Coversation,Sociability,2013-04-15 19:39:31,2013-04-15 19:40:41,70
u23,Coversation,Sociability,2013-04-15 19:44:12,2013-04-15 20:45:53,3701
u23,Coversation,Sociability,2013-04-15 20:49:33,2013-04-15 20:59:18,585
u23,Coversation,Sociability,2013-04-16 03:36:09,2013-04-16 03:38:00,111
u23,Coversation,Sociability,2013-04-16 04:54:41,2013-04-16 04:58:23,222
u23,Coversation,Sociability,2013-04-16 04:58:33,2013-04-16 05:02:25,232
u23,Coversation,Sociability,2013-04-16 07:42:38,2013-04-16 07:48:21,343
u23,Coversation,Sociability,2013-04-16 11:12:51,2013-04-16 11:16:53,242
u23,Coversation,Sociability,2013-04-16 11:21:04,2013-04-16 11:26:26,322
u23,Coversation,Sociability,2013-04-16 11:26:46,2013-04-16 11:28:57,131
u23,Coversation,Sociability,2013-04-16 12:08:53,2013-04-16 12:10:24,91
u23,Coversation,Sociability,2013-04-16 12:17:55,2013-04-16 12:24:59,424
u23,Coversation,Sociability,2013-04-16 12:28:59,2013-04-16 12:31:20,141
u23,Coversation,Sociability,2013-04-16 12:55:13,2013-04-16 13:05:08,595
u23,Coversation,Sociability,2013-04-16 13:05:28,2013-04-16 13:09:50,262
u23,Coversation,Sociability,2013-04-16 13:14:01,2013-04-16 13:32:11,1090
u23,Coversation,Sociability,2013-04-16 13:44:23,2013-04-16 13:52:06,463
u23,Coversation,Sociability,2013-04-16 13:52:27,2013-04-16 13:56:59,272
u23,Coversation,Sociability,2013-04-16 14:05:11,2013-04-16 14:06:52,101
u23,Coversation,Sociability,2013-04-16 14:07:22,2013-04-16 14:10:33,191
u23,Coversation,Sociability,2013-04-16 15:42:40,2013-04-16 15:43:50,70
u23,Coversation,Sociability,2013-04-16 18:31:35,2013-04-16 19:25:32,3237
u23,Coversation,Sociability,2013-04-16 19:45:45,2013-04-16 19:47:15,90
u23,Coversation,Sociability,2013-04-16 20:51:05,2013-04-16 20:52:25,80
u23,Coversation,Sociability,2013-04-16 20:55:56,2013-04-16 20:57:06,70
u23,Coversation,Sociability,2013-04-17 04:42:06,2013-04-17 04:45:07,181
u23,Coversation,Sociability,2013-04-17 04:48:58,2013-04-17 04:49:58,60
u23,Coversation,Sociability,2013-04-17 04:53:49,2013-04-17 04:57:51,242
u23,Coversation,Sociability,2013-04-17 05:01:52,2013-04-17 05:03:12,80
u23,Coversation,Sociability,2013-04-17 05:10:33,2013-04-17 05:21:49,676
u23,Coversation,Sociability,2013-04-17 05:21:59,2013-04-17 06:12:35,3036
u23,Coversation,Sociability,2013-04-17 06:12:45,2013-04-17 06:16:07,202
u23,Coversation,Sociability,2013-04-17 06:27:49,2013-04-17 06:29:09,80
u23,Coversation,Sociability,2013-04-17 13:09:39,2013-04-17 13:16:44,425
u23,Coversation,Sociability,2013-04-17 13:20:35,2013-04-17 13:24:48,253
u23,Coversation,Sociability,2013-04-17 13:28:48,2013-04-17 13:36:22,454
u23,Coversation,Sociability,2013-04-17 14:24:39,2013-04-17 14:43:49,1150
u23,Coversation,Sociability,2013-04-17 18:47:45,2013-04-17 18:49:16,91
u23,Coversation,Sociability,2013-04-17 19:17:00,2013-04-17 19:18:51,111
u23,Coversation,Sociability,2013-04-17 20:11:08,2013-04-17 20:20:02,534
u23,Coversation,Sociability,2013-04-18 06:49:08,2013-04-18 06:54:01,293
u23,Coversation,Sociability,2013-04-18 08:02:31,2013-04-18 08:04:42,131
u23,Coversation,Sociability,2013-04-18 08:08:13,2013-04-18 08:12:04,231
u23,Coversation,Sociability,2013-04-18 08:16:36,2013-04-18 08:42:29,1553
u23,Coversation,Sociability,2013-04-18 08:46:09,2013-04-18 08:48:41,152
u23,Coversation,Sociability,2013-04-18 11:00:46,2013-04-18 11:05:38,292
u23,Coversation,Sociability,2013-04-18 11:09:29,2013-04-18 11:10:29,60
u23,Coversation,Sociability,2013-04-18 12:10:49,2013-04-18 12:13:00,131
u23,Coversation,Sociability,2013-04-18 12:16:40,2013-04-18 12:25:44,544
u23,Coversation,Sociability,2013-04-18 12:30:05,2013-04-18 12:31:36,91
u23,Coversation,Sociability,2013-04-18 12:32:07,2013-04-18 12:48:25,978
u23,Coversation,Sociability,2013-04-18 12:56:56,2013-04-18 12:57:46,50
u23,Coversation,Sociability,2013-04-18 13:05:48,2013-04-18 13:13:52,484
u23,Coversation,Sociability,2013-04-18 13:17:43,2013-04-18 13:21:04,201
u23,Coversation,Sociability,2013-04-18 13:24:55,2013-04-18 13:31:18,383
u23,Coversation,Sociability,2013-04-18 13:34:59,2013-04-18 13:38:51,232
u23,Coversation,Sociability,2013-04-18 13:43:03,2013-04-18 14:00:07,1024
u23,Coversation,Sociability,2013-04-18 14:03:47,2013-04-18 14:18:55,908
u23,Coversation,Sociability,2013-04-18 18:07:34,2013-04-18 18:14:28,414
u23,Coversation,Sociability,2013-04-18 18:46:33,2013-04-18 18:48:43,130
u23,Coversation,Sociability,2013-04-18 18:56:35,2013-04-18 18:58:56,141
u23,Coversation,Sociability,2013-04-18 18:59:36,2013-04-18 19:02:28,172
u23,Coversation,Sociability,2013-04-18 19:06:18,2013-04-18 19:09:00,162
u23,Coversation,Sociability,2013-04-18 19:09:30,2013-04-18 19:12:11,161
u23,Coversation,Sociability,2013-04-18 19:16:22,2013-04-18 19:18:43,141
u23,Coversation,Sociability,2013-04-18 19:26:24,2013-04-18 19:27:34,70
u23,Coversation,Sociability,2013-04-18 20:23:24,2013-04-18 20:40:48,1044
u23,Coversation,Sociability,2013-04-18 20:44:39,2013-04-18 20:52:13,454
u23,Coversation,Sociability,2013-04-18 20:52:23,2013-04-18 20:53:34,71
u23,Coversation,Sociability,2013-04-19 02:30:14,2013-04-19 02:31:14,60
u23,Coversation,Sociability,2013-04-19 06:39:41,2013-04-19 06:51:37,716
u23,Coversation,Sociability,2013-04-19 10:23:36,2013-04-19 10:24:57,81
u23,Coversation,Sociability,2013-04-19 12:09:12,2013-04-19 12:15:05,353
u23,Coversation,Sociability,2013-04-19 12:23:06,2013-04-19 12:36:23,797
u23,Coversation,Sociability,2013-04-19 12:40:13,2013-04-19 12:44:46,273
u23,Coversation,Sociability,2013-04-19 12:45:26,2013-04-19 12:46:57,91
u23,Coversation,Sociability,2013-04-19 12:59:09,2013-04-19 13:01:10,121
u23,Coversation,Sociability,2013-04-19 13:20:53,2013-04-19 13:25:05,252
u23,Coversation,Sociability,2013-04-19 13:49:09,2013-04-19 13:53:51,282
u23,Coversation,Sociability,2013-04-19 15:10:13,2013-04-19 15:11:24,71
u23,Coversation,Sociability,2013-04-19 17:19:14,2013-04-19 17:34:22,908
u23,Coversation,Sociability,2013-04-19 19:10:56,2013-04-19 19:11:36,40
u23,Coversation,Sociability,2013-04-19 21:03:42,2013-04-19 21:04:52,70
u23,Coversation,Sociability,2013-04-19 21:08:43,2013-04-19 21:14:36,353
u23,Coversation,Sociability,2013-04-20 06:31:23,2013-04-20 06:39:47,504
u23,Coversation,Sociability,2013-04-20 06:43:27,2013-04-20 06:44:38,71
u23,Coversation,Sociability,2013-04-20 06:52:49,2013-04-20 06:56:31,222
u23,Coversation,Sociability,2013-04-20 08:24:43,2013-04-20 08:26:34,111
u23,Coversation,Sociability,2013-04-20 10:23:02,2013-04-20 10:43:32,1230
u23,Coversation,Sociability,2013-04-20 10:51:53,2013-04-20 10:59:17,444
u23,Coversation,Sociability,2013-04-20 12:51:13,2013-04-20 13:18:06,1613
u23,Coversation,Sociability,2013-04-20 13:21:57,2013-04-20 13:32:32,635
u23,Coversation,Sociability,2013-04-20 13:36:22,2013-04-20 13:44:26,484
u23,Coversation,Sociability,2013-04-20 13:52:08,2013-04-20 13:56:19,251
u23,Coversation,Sociability,2013-04-20 14:00:30,2013-04-20 14:08:54,504
u23,Coversation,Sociability,2013-04-20 14:09:34,2013-04-20 14:11:56,142
u23,Coversation,Sociability,2013-04-20 14:16:27,2013-04-20 14:29:13,766
u23,Coversation,Sociability,2013-04-20 14:37:24,2013-04-20 14:45:28,484
u23,Coversation,Sociability,2013-04-20 14:57:30,2013-04-20 15:09:37,727
u23,Coversation,Sociability,2013-04-20 15:13:28,2013-04-20 15:20:01,393
u23,Coversation,Sociability,2013-04-20 15:20:01,2013-04-20 15:21:52,111
u23,Coversation,Sociability,2013-04-20 15:22:33,2013-04-20 15:24:03,90
u23,Coversation,Sociability,2013-04-20 15:48:27,2013-04-20 15:50:38,131
u23,Coversation,Sociability,2013-04-20 16:18:22,2013-04-20 16:28:06,584
u23,Coversation,Sociability,2013-04-20 22:17:08,2013-04-20 22:17:59,51
u23,Coversation,Sociability,2013-04-21 05:06:22,2013-04-21 05:08:43,141
u23,Coversation,Sociability,2013-04-21 05:12:24,2013-04-21 05:15:25,181
u23,Coversation,Sociability,2013-04-21 05:19:16,2013-04-21 05:24:18,302
u23,Coversation,Sociability,2013-04-21 05:28:09,2013-04-21 05:31:40,211
u23,Coversation,Sociability,2013-04-21 05:35:31,2013-04-21 05:38:53,202
u23,Coversation,Sociability,2013-04-21 05:58:36,2013-04-21 06:03:29,293
u23,Coversation,Sociability,2013-04-21 06:07:39,2013-04-21 06:15:43,484
u23,Coversation,Sociability,2013-04-21 06:23:34,2013-04-21 06:26:26,172
u23,Coversation,Sociability,2013-04-21 06:30:27,2013-04-21 06:35:09,282
u23,Coversation,Sociability,2013-04-21 06:35:29,2013-04-21 06:45:34,605
u23,Coversation,Sociability,2013-04-21 06:49:15,2013-04-21 06:55:28,373
u23,Coversation,Sociability,2013-04-21 07:03:19,2013-04-21 07:19:57,998
u23,Coversation,Sociability,2013-04-21 07:23:28,2013-04-21 07:28:20,292
u23,Coversation,Sociability,2013-04-21 07:32:31,2013-04-21 07:45:58,807
u23,Coversation,Sociability,2013-04-21 07:49:39,2013-04-21 07:51:40,121
u23,Coversation,Sociability,2013-04-21 08:15:54,2013-04-21 08:17:04,70
u23,Coversation,Sociability,2013-04-21 11:24:59,2013-04-21 11:38:26,807
u23,Coversation,Sociability,2013-04-21 11:41:57,2013-04-21 11:44:18,141
u23,Coversation,Sociability,2013-04-21 11:47:48,2013-04-21 11:59:14,686
u23,Coversation,Sociability,2013-04-21 12:07:15,2013-04-21 12:08:56,101
u23,Coversation,Sociability,2013-04-21 13:41:19,2013-04-21 13:42:50,91
u23,Coversation,Sociability,2013-04-21 13:51:21,2013-04-21 13:58:45,444
u23,Coversation,Sociability,2013-04-21 13:59:15,2013-04-21 14:39:16,2401
u23,Coversation,Sociability,2013-04-21 14:43:07,2013-04-21 15:23:46,2439
u23,Coversation,Sociability,2013-04-21 15:24:07,2013-04-21 15:49:32,1525
u23,Coversation,Sociability,2013-04-21 15:53:02,2013-04-21 16:00:46,464
u23,Coversation,Sociability,2013-04-21 16:04:07,2013-04-21 16:26:38,1351
u23,Coversation,Sociability,2013-04-21 16:30:09,2013-04-21 16:37:09,420
u23,Coversation,Sociability,2013-04-21 16:41:31,2013-04-21 16:51:15,584
u23,Coversation,Sociability,2013-04-21 16:55:26,2013-04-21 17:19:08,1422
u23,Coversation,Sociability,2013-04-21 17:19:38,2013-04-21 17:27:42,484
u23,Coversation,Sociability,2013-04-21 17:31:23,2013-04-21 17:45:39,856
u23,Coversation,Sociability,2013-04-21 17:57:31,2013-04-21 17:59:22,111
u23,Coversation,Sociability,2013-04-21 18:23:36,2013-04-21 18:24:57,81
u23,Coversation,Sociability,2013-04-21 18:44:09,2013-04-21 18:45:29,80
u23,Coversation,Sociability,2013-04-21 20:29:24,2013-04-21 20:34:06,282
u23,Coversation,Sociability,2013-04-21 20:37:47,2013-04-21 20:40:38,171
u23,Coversation,Sociability,2013-04-21 20:40:58,2013-04-21 20:42:39,101
u23,Coversation,Sociability,2013-04-21 21:58:39,2013-04-21 21:59:29,50
u23,Coversation,Sociability,2013-04-22 03:00:09,2013-04-22 03:01:40,91
u23,Coversation,Sociability,2013-04-22 05:01:37,2013-04-22 05:04:39,182
u23,Coversation,Sociability,2013-04-22 05:08:09,2013-04-22 06:08:01,3592
u23,Coversation,Sociability,2013-04-22 06:08:32,2013-04-22 06:20:18,706
u23,Coversation,Sociability,2013-04-22 06:52:53,2013-04-22 06:54:34,101
u23,Coversation,Sociability,2013-04-22 06:58:34,2013-04-22 07:12:31,837
u23,Coversation,Sociability,2013-04-22 07:32:14,2013-04-22 07:53:25,1271
u23,Coversation,Sociability,2013-04-22 09:17:38,2013-04-22 09:18:39,61
u23,Coversation,Sociability,2013-04-22 10:26:49,2013-04-22 10:27:39,50
u23,Coversation,Sociability,2013-04-22 11:11:46,2013-04-22 11:12:56,70
u23,Coversation,Sociability,2013-04-22 11:28:59,2013-04-22 11:29:59,60
u23,Coversation,Sociability,2013-04-22 12:22:17,2013-04-22 12:24:18,121
u23,Coversation,Sociability,2013-04-22 12:36:10,2013-04-22 12:43:43,453
u23,Coversation,Sociability,2013-04-22 13:00:06,2013-04-22 13:08:21,495
u23,Coversation,Sociability,2013-04-22 13:15:52,2013-04-22 13:25:37,585
u23,Coversation,Sociability,2013-04-22 13:30:07,2013-04-22 13:34:20,253
u23,Coversation,Sociability,2013-04-22 13:42:21,2013-04-22 13:49:45,444
u23,Coversation,Sociability,2013-04-22 14:01:57,2013-04-22 14:10:21,504
u23,Coversation,Sociability,2013-04-22 14:26:03,2013-04-22 14:27:14,71
u23,Coversation,Sociability,2013-04-22 17:07:15,2013-04-22 17:31:57,1482
u23,Coversation,Sociability,2013-04-22 18:08:21,2013-04-22 18:09:42,81
u23,Coversation,Sociability,2013-04-22 18:13:12,2013-04-22 18:14:23,71
u23,Coversation,Sociability,2013-04-22 18:22:34,2013-04-22 18:23:45,71
u23,Coversation,Sociability,2013-04-22 18:27:15,2013-04-22 18:28:15,60
u23,Coversation,Sociability,2013-04-22 18:36:26,2013-04-22 18:37:37,71
u23,Coversation,Sociability,2013-04-22 18:41:07,2013-04-22 18:42:18,71
u23,Coversation,Sociability,2013-04-22 18:50:29,2013-04-22 18:51:39,70
u23,Coversation,Sociability,2013-04-22 19:39:16,2013-04-22 19:51:52,756
u23,Coversation,Sociability,2013-04-22 19:55:22,2013-04-22 20:03:46,504
u23,Coversation,Sociability,2013-04-23 03:00:12,2013-04-23 03:01:22,70
u23,Coversation,Sociability,2013-04-23 03:49:10,2013-04-23 03:50:00,50
u23,Coversation,Sociability,2013-04-23 07:10:10,2013-04-23 07:11:31,81
u23,Coversation,Sociability,2013-04-23 07:11:41,2013-04-23 07:12:52,71
u23,Coversation,Sociability,2013-04-23 08:28:33,2013-04-23 08:34:57,384
u23,Coversation,Sociability,2013-04-23 08:54:39,2013-04-23 09:13:59,1160
u23,Coversation,Sociability,2013-04-23 09:17:39,2013-04-23 10:15:10,3451
u23,Coversation,Sociability,2013-04-23 10:18:20,2013-04-23 10:46:25,1685
u23,Coversation,Sociability,2013-04-23 10:46:55,2013-04-23 10:48:06,71
u23,Coversation,Sociability,2013-04-23 10:51:46,2013-04-23 10:57:29,343
u23,Coversation,Sociability,2013-04-23 11:01:50,2013-04-23 11:03:01,71
u23,Coversation,Sociability,2013-04-23 11:10:52,2013-04-23 12:06:42,3350
u23,Coversation,Sociability,2013-04-23 12:10:43,2013-04-23 12:50:34,2391
u23,Coversation,Sociability,2013-04-23 13:14:47,2013-04-23 13:18:59,252
u23,Coversation,Sociability,2013-04-23 13:34:31,2013-04-23 13:41:35,424
u23,Coversation,Sociability,2013-04-23 17:33:59,2013-04-23 17:49:47,948
u23,Coversation,Sociability,2013-04-23 18:05:00,2013-04-23 18:07:41,161
u23,Coversation,Sociability,2013-04-23 18:11:32,2013-04-23 18:36:55,1523
u23,Coversation,Sociability,2013-04-23 19:04:58,2013-04-23 19:11:11,373
u23,Coversation,Sociability,2013-04-23 19:55:08,2013-04-23 20:02:32,444
u23,Coversation,Sociability,2013-04-24 04:03:22,2013-04-24 04:03:52,30
u23,Coversation,Sociability,2013-04-24 08:12:19,2013-04-24 08:29:58,1059
u23,Coversation,Sociability,2013-04-24 08:45:20,2013-04-24 08:47:31,131
u23,Coversation,Sociability,2013-04-24 12:03:46,2013-04-24 12:08:28,282
u23,Coversation,Sociability,2013-04-24 12:12:59,2013-04-24 12:18:52,353
u23,Coversation,Sociability,2013-04-24 12:26:43,2013-04-24 12:39:30,767
u23,Coversation,Sociability,2013-04-24 12:47:51,2013-04-24 12:49:32,101
u23,Coversation,Sociability,2013-04-24 13:06:15,2013-04-24 13:07:16,61
u23,Coversation,Sociability,2013-04-24 15:39:27,2013-04-24 15:41:18,111
u23,Coversation,Sociability,2013-04-24 15:45:19,2013-04-24 15:50:31,312
u23,Coversation,Sociability,2013-04-24 15:54:22,2013-04-24 15:55:02,40
u23,Coversation,Sociability,2013-04-24 17:39:21,2013-04-24 18:04:33,1512
u23,Coversation,Sociability,2013-04-24 18:08:34,2013-04-24 18:17:58,564
u23,Coversation,Sociability,2013-04-24 19:50:42,2013-04-24 19:51:53,71
u23,Coversation,Sociability,2013-04-25 03:00:19,2013-04-25 03:01:20,61
u23,Coversation,Sociability,2013-04-25 05:01:09,2013-04-25 05:04:01,172
u23,Coversation,Sociability,2013-04-25 05:12:32,2013-04-25 05:13:12,40
u23,Coversation,Sociability,2013-04-25 06:25:43,2013-04-25 06:31:27,344
u23,Coversation,Sociability,2013-04-25 06:31:47,2013-04-25 06:33:28,101
u23,Coversation,Sociability,2013-04-25 06:33:38,2013-04-25 06:44:44,666
u23,Coversation,Sociability,2013-04-25 06:48:14,2013-04-25 06:50:15,121
u23,Coversation,Sociability,2013-04-25 06:50:46,2013-04-25 06:56:08,322
u23,Coversation,Sociability,2013-04-25 07:03:29,2013-04-25 07:58:42,3313
u23,Coversation,Sociability,2013-04-25 07:59:02,2013-04-25 08:00:33,91
u23,Coversation,Sociability,2013-04-25 08:04:43,2013-04-25 08:12:17,454
u23,Coversation,Sociability,2013-04-25 08:12:38,2013-04-25 08:14:38,120
u23,Coversation,Sociability,2013-04-25 08:18:59,2013-04-25 08:20:30,91
u23,Coversation,Sociability,2013-04-25 08:36:33,2013-04-25 08:38:03,90
u23,Coversation,Sociability,2013-04-25 08:41:44,2013-04-25 08:42:44,60
u23,Coversation,Sociability,2013-04-25 08:50:36,2013-04-25 09:22:21,1905
u23,Coversation,Sociability,2013-04-25 09:26:42,2013-04-25 09:57:17,1835
u23,Coversation,Sociability,2013-04-25 10:00:48,2013-04-25 10:10:42,594
u23,Coversation,Sociability,2013-04-25 10:14:53,2013-04-25 10:42:17,1644
u23,Coversation,Sociability,2013-04-25 11:38:05,2013-04-25 11:39:05,60
u23,Coversation,Sociability,2013-04-25 12:30:43,2013-04-25 12:49:12,1109
u23,Coversation,Sociability,2013-04-25 12:52:42,2013-04-25 13:13:03,1221
u23,Coversation,Sociability,2013-04-25 13:16:44,2013-04-25 13:21:30,286
u23,Coversation,Sociability,2013-04-25 13:24:51,2013-04-25 14:01:59,2228
u23,Coversation,Sociability,2013-04-25 14:06:10,2013-04-25 14:17:25,675
u23,Coversation,Sociability,2013-04-25 14:20:46,2013-04-25 14:45:28,1482
u23,Coversation,Sociability,2013-04-25 15:01:10,2013-04-25 15:09:54,524
u23,Coversation,Sociability,2013-04-25 15:14:26,2013-04-25 15:19:18,292
u23,Coversation,Sociability,2013-04-26 03:00:18,2013-04-26 03:03:00,162
u23,Coversation,Sociability,2013-04-26 03:18:32,2013-04-26 03:55:51,2239
u23,Coversation,Sociability,2013-04-26 04:55:40,2013-04-26 04:57:11,91
u23,Coversation,Sociability,2013-04-26 05:00:31,2013-04-26 05:03:53,202
u23,Coversation,Sociability,2013-04-26 05:07:33,2013-04-26 06:18:32,4259
u23,Coversation,Sociability,2013-04-26 08:34:52,2013-04-26 08:40:15,323
u23,Coversation,Sociability,2013-04-26 09:00:07,2013-04-26 09:02:59,172
u23,Coversation,Sociability,2013-04-26 10:31:13,2013-04-26 10:33:24,131
u23,Coversation,Sociability,2013-04-26 11:41:23,2013-04-26 11:44:05,162
u23,Coversation,Sociability,2013-04-26 12:00:37,2013-04-26 12:01:58,81
u23,Coversation,Sociability,2013-04-26 12:10:11,2013-04-26 12:38:56,1725
u23,Coversation,Sociability,2013-04-26 12:47:17,2013-04-26 13:01:44,867
u23,Coversation,Sociability,2013-04-26 13:05:04,2013-04-26 13:21:12,968
u23,Coversation,Sociability,2013-04-26 13:21:23,2013-04-26 13:22:43,80
u23,Coversation,Sociability,2013-04-26 13:34:35,2013-04-26 13:37:26,171
u23,Coversation,Sociability,2013-04-26 13:41:07,2013-04-26 13:42:58,111
u23,Coversation,Sociability,2013-04-26 18:27:47,2013-04-26 18:29:08,81
u23,Coversation,Sociability,2013-04-26 19:29:06,2013-04-26 19:38:51,585
u23,Coversation,Sociability,2013-04-26 19:43:02,2013-04-26 19:52:47,585
u23,Coversation,Sociability,2013-04-26 20:01:09,2013-04-26 20:09:03,474
u23,Coversation,Sociability,2013-04-26 20:09:13,2013-04-26 20:13:25,252
u23,Coversation,Sociability,2013-04-26 21:20:26,2013-04-26 21:28:10,464
u23,Coversation,Sociability,2013-04-27 06:09:30,2013-04-27 06:10:11,41
u23,Coversation,Sociability,2013-04-27 06:22:13,2013-04-27 06:25:34,201
u23,Coversation,Sociability,2013-04-27 06:29:05,2013-04-27 06:35:19,374
u23,Coversation,Sociability,2013-04-27 06:38:59,2013-04-27 06:53:27,868
u23,Coversation,Sociability,2013-04-27 06:56:57,2013-04-27 07:00:49,232
u23,Coversation,Sociability,2013-04-27 07:05:20,2013-04-27 07:14:45,565
u23,Coversation,Sociability,2013-04-27 07:17:55,2013-04-27 07:24:28,393
u23,Coversation,Sociability,2013-04-27 07:36:10,2013-04-27 07:53:19,1029
u23,Coversation,Sociability,2013-04-27 09:29:13,2013-04-27 09:47:52,1119
u23,Coversation,Sociability,2013-04-27 09:59:44,2013-04-27 10:17:53,1089
u23,Coversation,Sociability,2013-04-27 10:49:17,2013-04-27 10:55:00,343
u23,Coversation,Sociability,2013-04-27 10:58:51,2013-04-27 11:01:02,131
u23,Coversation,Sociability,2013-04-27 11:04:42,2013-04-27 11:13:57,555
u23,Coversation,Sociability,2013-04-27 11:29:39,2013-04-27 11:30:49,70
u23,Coversation,Sociability,2013-04-27 11:34:50,2013-04-27 11:36:11,81
u23,Coversation,Sociability,2013-04-27 11:36:31,2013-04-27 11:37:41,70
u23,Coversation,Sociability,2013-04-27 11:37:52,2013-04-27 11:39:02,70
u23,Coversation,Sociability,2013-04-27 11:46:43,2013-04-27 11:47:54,71
u23,Coversation,Sociability,2013-04-27 11:51:24,2013-04-27 11:52:45,81
u23,Coversation,Sociability,2013-04-27 12:04:36,2013-04-27 12:07:48,192
u23,Coversation,Sociability,2013-04-27 12:43:44,2013-04-27 12:45:55,131
u23,Coversation,Sociability,2013-04-27 12:49:45,2013-04-27 13:01:31,706
u23,Coversation,Sociability,2013-04-27 13:05:32,2013-04-27 13:11:35,363
u23,Coversation,Sociability,2013-04-27 13:19:36,2013-04-27 13:31:52,736
u23,Coversation,Sociability,2013-04-27 13:35:22,2013-04-27 13:40:25,303
u23,Coversation,Sociability,2013-04-27 13:44:46,2013-04-27 13:46:07,81
u23,Coversation,Sociability,2013-04-27 13:53:27,2013-04-27 13:56:59,212
u23,Coversation,Sociability,2013-04-27 14:44:36,2013-04-27 14:51:10,394
u23,Coversation,Sociability,2013-04-27 17:03:19,2013-04-27 17:04:29,70
u23,Coversation,Sociability,2013-04-27 17:07:40,2013-04-27 17:17:05,565
u23,Coversation,Sociability,2013-04-27 18:57:19,2013-04-27 19:03:32,373
u23,Coversation,Sociability,2013-04-27 19:11:03,2013-04-27 19:34:14,1391
u23,Coversation,Sociability,2013-04-28 05:07:22,2013-04-28 05:08:13,51
u23,Coversation,Sociability,2013-04-28 05:12:03,2013-04-28 05:19:47,464
u23,Coversation,Sociability,2013-04-28 05:23:48,2013-04-28 05:47:40,1432
u23,Coversation,Sociability,2013-04-28 05:51:51,2013-04-28 05:55:23,212
u23,Coversation,Sociability,2013-04-28 06:15:26,2013-04-28 06:17:57,151
u23,Coversation,Sociability,2013-04-28 06:22:08,2013-04-28 06:31:22,554
u23,Coversation,Sociability,2013-04-28 06:35:03,2013-04-28 06:36:54,111
u23,Coversation,Sociability,2013-04-28 09:01:38,2013-04-28 09:04:40,182
u23,Coversation,Sociability,2013-04-28 10:00:08,2013-04-28 10:02:59,171
u23,Coversation,Sociability,2013-04-28 11:15:19,2013-04-28 11:28:36,797
u23,Coversation,Sociability,2013-04-28 12:36:36,2013-04-28 12:39:18,162
u23,Coversation,Sociability,2013-04-28 12:47:59,2013-04-28 12:49:00,61
u23,Coversation,Sociability,2013-04-28 12:52:20,2013-04-28 12:53:41,81
u23,Coversation,Sociability,2013-04-28 12:57:31,2013-04-28 13:15:51,1100
u23,Coversation,Sociability,2013-04-28 13:19:21,2013-04-28 13:39:41,1220
u23,Coversation,Sociability,2013-04-28 13:39:52,2013-04-28 13:42:33,161
u23,Coversation,Sociability,2013-04-28 13:42:43,2013-04-28 13:45:55,192
u23,Coversation,Sociability,2013-04-28 13:49:26,2013-04-28 14:11:58,1352
u23,Coversation,Sociability,2013-04-28 14:15:28,2013-04-28 16:33:06,8258
u23,Coversation,Sociability,2013-04-28 16:36:36,2013-04-28 17:06:22,1786
u23,Coversation,Sociability,2013-04-28 17:10:33,2013-04-28 17:16:36,363
u23,Coversation,Sociability,2013-04-28 17:16:36,2013-04-28 17:19:58,202
u23,Coversation,Sociability,2013-04-28 17:23:38,2013-04-28 17:27:00,202
u23,Coversation,Sociability,2013-04-28 17:30:41,2013-04-28 17:37:24,403
u23,Coversation,Sociability,2013-04-28 17:41:35,2013-04-28 17:52:51,676
u23,Coversation,Sociability,2013-04-28 17:56:42,2013-04-28 18:04:36,474
u23,Coversation,Sociability,2013-04-28 18:05:07,2013-04-28 18:06:27,80
u23,Coversation,Sociability,2013-04-28 18:07:08,2013-04-28 18:52:01,2693
u23,Coversation,Sociability,2013-04-28 18:55:52,2013-04-28 18:57:32,100
u23,Coversation,Sociability,2013-04-28 18:57:43,2013-04-28 19:04:36,413
u23,Coversation,Sociability,2013-04-28 19:08:37,2013-04-28 19:15:21,404
u23,Coversation,Sociability,2013-04-28 19:18:41,2013-04-28 19:30:18,697
u23,Coversation,Sociability,2013-04-28 19:37:38,2013-04-28 19:43:31,353
u23,Coversation,Sociability,2013-04-28 20:08:15,2013-04-28 20:15:59,464
u23,Coversation,Sociability,2013-04-28 20:19:50,2013-04-28 20:24:02,252
u23,Coversation,Sociability,2013-04-29 04:32:32,2013-04-29 04:39:05,393
u23,Coversation,Sociability,2013-04-29 04:58:38,2013-04-29 05:14:36,958
u23,Coversation,Sociability,2013-04-29 05:18:26,2013-04-29 05:34:45,979
u23,Coversation,Sociability,2013-04-29 05:38:25,2013-04-29 06:10:31,1926
u23,Coversation,Sociability,2013-04-29 06:18:42,2013-04-29 06:20:03,81
u23,Coversation,Sociability,2013-04-29 06:51:37,2013-04-29 06:56:19,282
u23,Coversation,Sociability,2013-04-29 07:32:34,2013-04-29 07:33:55,81
u23,Coversation,Sociability,2013-04-29 07:37:45,2013-04-29 07:40:17,152
u23,Coversation,Sociability,2013-04-29 07:51:58,2013-04-29 07:54:09,131
u23,Coversation,Sociability,2013-04-29 08:29:44,2013-04-29 08:34:57,313
u23,Coversation,Sociability,2013-04-29 08:58:50,2013-04-29 09:01:01,131
u23,Coversation,Sociability,2013-04-29 09:32:55,2013-04-29 09:34:56,121
u23,Coversation,Sociability,2013-04-29 09:42:47,2013-04-29 09:55:44,777
u23,Coversation,Sociability,2013-04-29 10:20:08,2013-04-29 10:21:59,111
u23,Coversation,Sociability,2013-04-29 10:38:01,2013-04-29 10:39:11,70
u23,Coversation,Sociability,2013-04-29 10:46:52,2013-04-29 10:57:58,666
u23,Coversation,Sociability,2013-04-29 11:22:12,2013-04-29 11:25:53,221
u23,Coversation,Sociability,2013-04-29 11:46:06,2013-04-29 11:48:07,121
u23,Coversation,Sociability,2013-04-29 12:28:03,2013-04-29 12:48:33,1230
u23,Coversation,Sociability,2013-04-29 12:52:04,2013-04-29 12:56:36,272
u23,Coversation,Sociability,2013-04-29 13:04:18,2013-04-29 13:05:08,50
u23,Coversation,Sociability,2013-04-29 14:09:07,2013-04-29 14:11:58,171
u23,Coversation,Sociability,2013-04-29 20:41:06,2013-04-29 20:56:13,907
u23,Coversation,Sociability,2013-04-30 04:48:59,2013-04-30 04:49:30,31
u23,Coversation,Sociability,2013-04-30 05:45:18,2013-04-30 05:47:49,151
u23,Coversation,Sociability,2013-04-30 08:44:04,2013-04-30 08:45:14,70
u23,Coversation,Sociability,2013-04-30 11:21:01,2013-04-30 11:22:02,61
u23,Coversation,Sociability,2013-04-30 11:38:14,2013-04-30 11:51:30,796
u23,Coversation,Sociability,2013-04-30 12:19:34,2013-04-30 12:39:14,1180
u23,Coversation,Sociability,2013-04-30 12:51:06,2013-04-30 12:52:16,70
u23,Coversation,Sociability,2013-04-30 12:52:27,2013-04-30 12:54:38,131
u23,Coversation,Sociability,2013-04-30 15:14:39,2013-04-30 15:18:41,242
u23,Coversation,Sociability,2013-04-30 15:22:22,2013-04-30 15:25:43,201
u23,Coversation,Sociability,2013-04-30 15:57:38,2013-04-30 16:03:51,373
u23,Coversation,Sociability,2013-04-30 16:07:42,2013-04-30 16:10:23,161
u23,Coversation,Sociability,2013-04-30 16:18:14,2013-04-30 16:21:06,172
u23,Coversation,Sociability,2013-04-30 16:24:57,2013-04-30 16:26:27,90
u23,Coversation,Sociability,2013-04-30 17:42:59,2013-04-30 17:55:25,746
u23,Coversation,Sociability,2013-05-01 04:16:38,2013-05-01 04:20:50,252
u23,Coversation,Sociability,2013-05-01 04:44:53,2013-05-01 04:54:38,585
u23,Coversation,Sociability,2013-05-01 05:02:19,2013-05-01 05:37:47,2128
u23,Coversation,Sociability,2013-05-01 05:41:38,2013-05-01 06:17:07,2129
u23,Coversation,Sociability,2013-05-01 09:56:51,2013-05-01 10:03:24,393
u23,Coversation,Sociability,2013-05-01 10:39:08,2013-05-01 10:58:08,1140
u23,Coversation,Sociability,2013-05-01 11:02:19,2013-05-01 11:05:31,192
u23,Coversation,Sociability,2013-05-01 11:08:51,2013-05-01 11:10:42,111
u23,Coversation,Sociability,2013-05-01 11:55:10,2013-05-01 11:57:11,121
u23,Coversation,Sociability,2013-05-01 12:29:15,2013-05-01 12:47:24,1089
u23,Coversation,Sociability,2013-05-01 12:47:35,2013-05-01 12:51:57,262
u23,Coversation,Sociability,2013-05-01 14:27:31,2013-05-01 14:29:11,100
u23,Coversation,Sociability,2013-05-01 15:33:51,2013-05-01 15:36:42,171
u23,Coversation,Sociability,2013-05-01 16:36:51,2013-05-01 16:44:37,466
u23,Coversation,Sociability,2013-05-01 17:08:40,2013-05-01 17:33:12,1472
u23,Coversation,Sociability,2013-05-01 17:37:13,2013-05-01 17:40:55,222
u23,Coversation,Sociability,2013-05-01 17:41:05,2013-05-01 17:45:29,264
u23,Coversation,Sociability,2013-05-01 17:53:40,2013-05-01 18:20:24,1604
u23,Coversation,Sociability,2013-05-01 18:23:55,2013-05-01 18:24:55,60
u23,Coversation,Sociability,2013-05-01 18:28:46,2013-05-01 18:43:13,867
u23,Coversation,Sociability,2013-05-01 18:59:16,2013-05-01 19:01:07,111
u23,Coversation,Sociability,2013-05-01 19:05:18,2013-05-01 19:06:28,70
u23,Coversation,Sociability,2013-05-01 19:17:50,2013-05-01 19:23:33,343
u23,Coversation,Sociability,2013-05-01 19:24:14,2013-05-01 19:44:34,1220
u23,Coversation,Sociability,2013-05-01 19:48:55,2013-05-01 19:51:36,161
u23,Coversation,Sociability,2013-05-01 19:52:07,2013-05-01 19:56:19,252
u23,Coversation,Sociability,2013-05-01 21:00:17,2013-05-01 21:01:08,51
u23,Coversation,Sociability,2013-05-01 21:12:50,2013-05-01 21:21:44,534
u23,Coversation,Sociability,2013-05-01 21:22:04,2013-05-01 21:24:15,131
u23,Coversation,Sociability,2013-05-01 21:28:26,2013-05-01 21:41:16,770
u23,Coversation,Sociability,2013-05-01 21:49:27,2013-05-01 21:53:40,253
u23,Coversation,Sociability,2013-05-02 04:41:43,2013-05-02 04:42:43,60
u23,Coversation,Sociability,2013-05-02 05:24:19,2013-05-02 05:25:49,90
u23,Coversation,Sociability,2013-05-02 06:05:25,2013-05-02 06:08:06,161
u23,Coversation,Sociability,2013-05-02 06:19:38,2013-05-02 06:21:19,101
u23,Coversation,Sociability,2013-05-02 06:21:49,2013-05-02 06:25:51,242
u23,Coversation,Sociability,2013-05-02 06:45:43,2013-05-02 06:49:05,202
u23,Coversation,Sociability,2013-05-02 07:00:27,2013-05-02 07:26:09,1542
u23,Coversation,Sociability,2013-05-02 07:29:40,2013-05-02 07:44:58,918
u23,Coversation,Sociability,2013-05-02 07:44:58,2013-05-02 07:47:39,161
u23,Coversation,Sociability,2013-05-02 07:47:59,2013-05-02 07:50:30,151
u23,Coversation,Sociability,2013-05-02 07:54:31,2013-05-02 07:58:53,262
u23,Coversation,Sociability,2013-05-02 08:06:44,2013-05-02 08:12:06,322
u23,Coversation,Sociability,2013-05-02 08:23:38,2013-05-02 08:29:21,343
u23,Coversation,Sociability,2013-05-02 08:37:02,2013-05-02 08:38:12,70
u23,Coversation,Sociability,2013-05-02 08:50:04,2013-05-02 09:06:32,988
u23,Coversation,Sociability,2013-05-02 09:07:03,2013-05-02 09:08:34,91
u23,Coversation,Sociability,2013-05-02 09:09:04,2013-05-02 09:13:56,292
u23,Coversation,Sociability,2013-05-02 09:17:37,2013-05-02 09:31:24,827
u23,Coversation,Sociability,2013-05-02 09:34:44,2013-05-02 09:52:43,1079
u23,Coversation,Sociability,2013-05-02 09:56:54,2013-05-02 10:17:37,1243
u23,Coversation,Sociability,2013-05-02 10:17:58,2013-05-02 10:39:49,1311
u23,Coversation,Sociability,2013-05-02 10:43:50,2013-05-02 10:53:04,554
u23,Coversation,Sociability,2013-05-02 11:00:45,2013-05-02 11:02:56,131
u23,Coversation,Sociability,2013-05-02 11:03:17,2013-05-02 11:04:27,70
u23,Coversation,Sociability,2013-05-02 11:19:59,2013-05-02 11:21:20,81
u23,Coversation,Sociability,2013-05-02 11:25:20,2013-05-02 11:28:02,162
u23,Coversation,Sociability,2013-05-02 13:00:15,2013-05-02 13:06:28,373
u23,Coversation,Sociability,2013-05-02 13:46:24,2013-05-02 13:50:57,273
u23,Coversation,Sociability,2013-05-02 15:03:18,2013-05-02 15:04:28,70
u23,Coversation,Sociability,2013-05-02 15:08:09,2013-05-02 15:09:29,80
u23,Coversation,Sociability,2013-05-02 15:33:24,2013-05-02 15:36:46,202
u23,Coversation,Sociability,2013-05-02 15:40:16,2013-05-02 15:41:57,101
u23,Coversation,Sociability,2013-05-02 15:46:28,2013-05-02 15:47:08,40
u23,Coversation,Sociability,2013-05-02 15:51:09,2013-05-02 15:52:20,71
u23,Coversation,Sociability,2013-05-02 15:56:10,2013-05-02 15:57:21,71
u23,Coversation,Sociability,2013-05-02 16:01:21,2013-05-02 16:02:22,61
u23,Coversation,Sociability,2013-05-02 16:06:22,2013-05-02 16:07:33,71
u23,Coversation,Sociability,2013-05-02 16:31:37,2013-05-02 16:33:07,90
u23,Coversation,Sociability,2013-05-02 17:53:19,2013-05-02 17:55:10,111
u23,Coversation,Sociability,2013-05-02 18:03:21,2013-05-02 18:04:42,81
u23,Coversation,Sociability,2013-05-02 18:08:12,2013-05-02 18:09:23,71
u23,Coversation,Sociability,2013-05-02 18:17:24,2013-05-02 18:18:44,80
u23,Coversation,Sociability,2013-05-02 18:22:15,2013-05-02 18:23:25,70
u23,Coversation,Sociability,2013-05-02 18:31:37,2013-05-02 18:32:27,50
u23,Coversation,Sociability,2013-05-02 18:36:18,2013-05-02 18:37:30,72
u23,Coversation,Sociability,2013-05-02 18:45:21,2013-05-02 18:47:32,131
u23,Coversation,Sociability,2013-05-02 18:51:43,2013-05-02 18:55:45,242
u23,Coversation,Sociability,2013-05-03 03:20:48,2013-05-03 03:21:48,60
u23,Coversation,Sociability,2013-05-03 03:45:51,2013-05-03 03:46:21,30
u23,Coversation,Sociability,2013-05-03 04:42:50,2013-05-03 04:51:55,545
u23,Coversation,Sociability,2013-05-03 04:59:56,2013-05-03 05:05:08,312
u23,Coversation,Sociability,2013-05-03 05:12:59,2013-05-03 05:14:40,101
u23,Coversation,Sociability,2013-05-03 05:58:58,2013-05-03 06:09:03,605
u23,Coversation,Sociability,2013-05-03 06:12:33,2013-05-03 06:15:55,202
u23,Coversation,Sociability,2013-05-03 06:16:05,2013-05-03 06:26:10,605
u23,Coversation,Sociability,2013-05-03 06:34:01,2013-05-03 06:36:12,131
u23,Coversation,Sociability,2013-05-03 06:51:24,2013-05-03 06:52:45,81
u23,Coversation,Sociability,2013-05-03 07:36:31,2013-05-03 07:44:15,464
u23,Coversation,Sociability,2013-05-03 07:52:06,2013-05-03 07:52:56,50
u23,Coversation,Sociability,2013-05-03 08:08:49,2013-05-03 08:10:49,120
u23,Coversation,Sociability,2013-05-03 08:35:13,2013-05-03 08:37:25,132
u23,Coversation,Sociability,2013-05-03 08:41:05,2013-05-03 08:43:16,131
u23,Coversation,Sociability,2013-05-03 09:11:12,2013-05-03 09:16:45,333
u23,Coversation,Sociability,2013-05-03 10:57:31,2013-05-03 10:59:12,101
u23,Coversation,Sociability,2013-05-03 13:19:33,2013-05-03 13:39:42,1209
u23,Coversation,Sociability,2013-05-03 13:43:23,2013-05-03 13:50:19,416
u23,Coversation,Sociability,2013-05-03 14:02:41,2013-05-03 14:15:37,776
u23,Coversation,Sociability,2013-05-03 16:07:58,2013-05-03 16:09:09,71
u23,Coversation,Sociability,2013-05-03 16:32:52,2013-05-03 17:00:27,1655
u23,Coversation,Sociability,2013-05-03 18:04:56,2013-05-03 18:29:18,1462
u23,Coversation,Sociability,2013-05-03 18:36:49,2013-05-03 18:38:29,100
u23,Coversation,Sociability,2013-05-04 07:59:27,2013-05-04 08:00:38,71
u23,Coversation,Sociability,2013-05-04 08:04:08,2013-05-04 08:05:18,70
u23,Coversation,Sociability,2013-05-04 09:25:29,2013-05-04 10:06:30,2461
u23,Coversation,Sociability,2013-05-04 10:10:00,2013-05-04 10:31:31,1291
u23,Coversation,Sociability,2013-05-04 10:35:22,2013-05-04 10:48:08,766
u23,Coversation,Sociability,2013-05-04 10:52:19,2013-05-04 11:06:36,857
u23,Coversation,Sociability,2013-05-04 11:10:16,2013-05-04 11:13:38,202
u23,Coversation,Sociability,2013-05-04 11:45:42,2013-05-04 12:10:04,1462
u23,Coversation,Sociability,2013-05-04 12:14:25,2013-05-04 12:26:01,696
u23,Coversation,Sociability,2013-05-04 12:26:41,2013-05-04 12:30:03,202
u23,Coversation,Sociability,2013-05-04 12:42:45,2013-05-04 12:55:22,757
u23,Coversation,Sociability,2013-05-04 14:11:53,2013-05-04 14:12:54,61
u23,Coversation,Sociability,2013-05-04 14:28:46,2013-05-04 14:32:18,212
u23,Coversation,Sociability,2013-05-04 14:36:39,2013-05-04 14:45:53,554
u23,Coversation,Sociability,2013-05-04 14:53:25,2013-05-04 14:55:56,151
u23,Coversation,Sociability,2013-05-04 14:59:36,2013-05-04 15:14:44,908
u23,Coversation,Sociability,2013-05-04 15:18:34,2013-05-04 15:30:20,706
u23,Coversation,Sociability,2013-05-04 15:34:31,2013-05-04 15:37:12,161
u23,Coversation,Sociability,2013-05-04 15:41:43,2013-05-04 15:43:14,91
u23,Coversation,Sociability,2013-05-04 16:15:29,2013-05-04 16:17:10,101
u23,Coversation,Sociability,2013-05-04 16:40:33,2013-05-04 16:55:51,918
u23,Coversation,Sociability,2013-05-05 04:32:52,2013-05-05 04:34:02,70
u23,Coversation,Sociability,2013-05-05 07:10:35,2013-05-05 07:16:48,373
u23,Coversation,Sociability,2013-05-05 08:36:41,2013-05-05 08:37:42,61
u23,Coversation,Sociability,2013-05-05 11:01:51,2013-05-05 11:03:02,71
u23,Coversation,Sociability,2013-05-05 12:22:48,2013-05-05 12:25:19,151
u23,Coversation,Sociability,2013-05-05 12:25:30,2013-05-05 12:29:42,252
u23,Coversation,Sociability,2013-05-05 12:49:45,2013-05-05 12:51:56,131
u23,Coversation,Sociability,2013-05-05 13:07:59,2013-05-05 13:18:14,615
u23,Coversation,Sociability,2013-05-05 13:30:06,2013-05-05 13:31:57,111
u23,Coversation,Sociability,2013-05-05 13:44:09,2013-05-05 13:45:20,71
u23,Coversation,Sociability,2013-05-05 14:45:18,2013-05-05 14:50:00,282
u23,Coversation,Sociability,2013-05-05 14:50:21,2013-05-05 14:51:31,70
u23,Coversation,Sociability,2013-05-05 16:12:14,2013-05-05 16:16:16,242
u23,Coversation,Sociability,2013-05-05 16:40:30,2013-05-05 16:47:23,413
u23,Coversation,Sociability,2013-05-05 17:11:27,2013-05-05 17:12:37,70
u23,Coversation,Sociability,2013-05-05 17:36:21,2013-05-05 17:41:23,302
u23,Coversation,Sociability,2013-05-05 18:25:32,2013-05-05 18:26:32,60
u23,Coversation,Sociability,2013-05-05 18:46:27,2013-05-05 18:54:01,454
u23,Coversation,Sociability,2013-05-06 04:59:32,2013-05-06 05:01:53,141
u23,Coversation,Sociability,2013-05-06 05:02:33,2013-05-06 05:03:14,41
u23,Coversation,Sociability,2013-05-06 05:59:12,2013-05-06 06:03:35,263
u23,Coversation,Sociability,2013-05-06 08:23:46,2013-05-06 08:36:42,776
u23,Coversation,Sociability,2013-05-06 08:40:43,2013-05-06 08:44:45,242
u23,Coversation,Sociability,2013-05-06 08:52:16,2013-05-06 08:54:58,162
u23,Coversation,Sociability,2013-05-06 11:46:41,2013-05-06 11:49:22,161
u23,Coversation,Sociability,2013-05-06 14:02:12,2013-05-06 14:21:31,1159
u23,Coversation,Sociability,2013-05-06 14:50:06,2013-05-06 15:08:15,1089
u23,Coversation,Sociability,2013-05-06 15:23:57,2013-05-06 15:44:48,1251
u23,Coversation,Sociability,2013-05-06 15:45:18,2013-05-06 16:21:46,2188
u23,Coversation,Sociability,2013-05-06 16:25:57,2013-05-06 16:51:40,1543
u23,Coversation,Sociability,2013-05-06 17:40:28,2013-05-06 17:40:58,30
u23,Coversation,Sociability,2013-05-06 18:25:18,2013-05-06 18:27:00,102
u23,Coversation,Sociability,2013-05-06 19:19:38,2013-05-06 19:20:18,40
u23,Coversation,Sociability,2013-05-06 19:32:30,2013-05-06 19:33:21,51
u23,Coversation,Sociability,2013-05-06 19:37:11,2013-05-06 19:42:14,303
u23,Coversation,Sociability,2013-05-06 20:06:17,2013-05-06 20:12:31,374
u23,Coversation,Sociability,2013-05-06 20:16:41,2013-05-06 20:42:14,1533
u23,Coversation,Sociability,2013-05-06 20:46:15,2013-05-06 20:50:37,262
u23,Coversation,Sociability,2013-05-07 03:51:27,2013-05-07 03:52:28,61
u23,Coversation,Sociability,2013-05-07 10:00:47,2013-05-07 10:02:08,81
u23,Coversation,Sociability,2013-05-07 10:18:00,2013-05-07 10:23:23,323
u23,Coversation,Sociability,2013-05-07 10:31:14,2013-05-07 10:32:24,70
u23,Coversation,Sociability,2013-05-07 10:40:06,2013-05-07 11:19:47,2381
u23,Coversation,Sociability,2013-05-07 11:20:17,2013-05-07 11:28:31,494
u23,Coversation,Sociability,2013-05-07 11:31:41,2013-05-07 11:54:53,1392
u23,Coversation,Sociability,2013-05-07 12:03:05,2013-05-07 12:11:49,524
u23,Coversation,Sociability,2013-05-07 12:16:20,2013-05-07 12:19:12,172
u23,Coversation,Sociability,2013-05-07 12:58:58,2013-05-07 13:09:25,627
u23,Coversation,Sociability,2013-05-07 15:17:23,2013-05-07 15:22:26,303
u23,Coversation,Sociability,2013-05-07 15:26:27,2013-05-07 15:30:49,262
u23,Coversation,Sociability,2013-05-07 15:34:39,2013-05-07 15:39:21,282
u23,Coversation,Sociability,2013-05-07 15:51:33,2013-05-07 15:52:54,81
u23,Coversation,Sociability,2013-05-07 16:09:07,2013-05-07 16:15:40,393
u23,Coversation,Sociability,2013-05-07 16:19:31,2013-05-07 17:20:12,3641
u23,Coversation,Sociability,2013-05-07 17:20:42,2013-05-07 17:25:25,283
u23,Coversation,Sociability,2013-05-07 17:33:36,2013-05-07 17:46:24,768
u23,Coversation,Sociability,2013-05-07 17:50:44,2013-05-07 18:07:53,1029
u23,Coversation,Sociability,2013-05-07 18:11:44,2013-05-07 18:30:43,1139
u23,Coversation,Sociability,2013-05-07 18:34:33,2013-05-07 18:40:36,363
u23,Coversation,Sociability,2013-05-07 18:44:07,2013-05-07 18:45:58,111
u23,Coversation,Sociability,2013-05-07 19:01:20,2013-05-07 19:02:30,70
u23,Coversation,Sociability,2013-05-08 03:31:21,2013-05-08 03:44:38,797
u23,Coversation,Sociability,2013-05-08 04:56:18,2013-05-08 04:57:49,91
u23,Coversation,Sociability,2013-05-08 05:01:20,2013-05-08 05:04:14,174
u23,Coversation,Sociability,2013-05-08 05:08:41,2013-05-08 05:12:03,202
u23,Coversation,Sociability,2013-05-08 05:12:44,2013-05-08 05:23:09,625
u23,Coversation,Sociability,2013-05-08 05:31:40,2013-05-08 05:39:04,444
u23,Coversation,Sociability,2013-05-08 05:39:45,2013-05-08 05:44:48,303
u23,Coversation,Sociability,2013-05-08 05:56:19,2013-05-08 05:59:20,181
u23,Coversation,Sociability,2013-05-08 06:03:11,2013-05-08 06:08:23,312
u23,Coversation,Sociability,2013-05-08 06:24:46,2013-05-08 06:27:37,171
u23,Coversation,Sociability,2013-05-08 06:35:18,2013-05-08 06:38:30,192
u23,Coversation,Sociability,2013-05-08 07:34:58,2013-05-08 07:36:08,70
u23,Coversation,Sociability,2013-05-08 07:55:41,2013-05-08 07:56:52,71
u23,Coversation,Sociability,2013-05-08 08:00:43,2013-05-08 08:06:15,332
u23,Coversation,Sociability,2013-05-08 08:06:56,2013-05-08 08:07:56,60
u23,Coversation,Sociability,2013-05-08 08:15:37,2013-05-08 08:20:30,293
u23,Coversation,Sociability,2013-05-08 08:20:50,2013-05-08 08:22:11,81
u23,Coversation,Sociability,2013-05-08 08:26:01,2013-05-08 08:27:22,81
u23,Coversation,Sociability,2013-05-08 08:35:53,2013-05-08 08:40:46,293
u23,Coversation,Sociability,2013-05-08 09:00:39,2013-05-08 09:06:01,322
u23,Coversation,Sociability,2013-05-08 09:17:43,2013-05-08 09:22:55,312
u23,Coversation,Sociability,2013-05-08 09:26:46,2013-05-08 09:31:28,282
u23,Coversation,Sociability,2013-05-08 09:52:01,2013-05-08 09:53:12,71
u23,Coversation,Sociability,2013-05-08 10:12:55,2013-05-08 10:14:36,101
u23,Coversation,Sociability,2013-05-08 10:35:09,2013-05-08 10:36:20,71
u23,Coversation,Sociability,2013-05-08 10:47:51,2013-05-08 10:49:42,111
u23,Coversation,Sociability,2013-05-08 10:50:02,2013-05-08 10:53:55,233
u23,Coversation,Sociability,2013-05-08 11:18:10,2013-05-08 11:21:51,221
u23,Coversation,Sociability,2013-05-08 11:25:52,2013-05-08 11:30:15,263
u23,Coversation,Sociability,2013-05-08 11:42:17,2013-05-08 11:42:57,40
u23,Coversation,Sociability,2013-05-08 11:50:59,2013-05-08 11:51:59,60
u23,Coversation,Sociability,2013-05-08 12:00:20,2013-05-08 12:02:52,152
u23,Coversation,Sociability,2013-05-08 12:26:55,2013-05-08 12:54:49,1674
u23,Coversation,Sociability,2013-05-08 12:54:59,2013-05-08 12:56:30,91
u23,Coversation,Sociability,2013-05-08 13:00:11,2013-05-08 13:22:52,1361
u23,Coversation,Sociability,2013-05-08 13:23:12,2013-05-08 13:28:14,302
u23,Coversation,Sociability,2013-05-08 13:36:26,2013-05-08 14:21:08,2682
u23,Coversation,Sociability,2013-05-08 14:57:13,2013-05-08 15:00:45,212
u23,Coversation,Sociability,2013-05-08 15:09:07,2013-05-08 15:31:48,1361
u23,Coversation,Sociability,2013-05-08 15:36:29,2013-05-08 15:53:27,1018
u23,Coversation,Sociability,2013-05-08 15:56:58,2013-05-08 16:03:21,383
u23,Coversation,Sociability,2013-05-08 16:07:22,2013-05-08 16:08:32,70
u23,Coversation,Sociability,2013-05-08 16:12:02,2013-05-08 16:16:15,253
u23,Coversation,Sociability,2013-05-08 16:20:16,2013-05-08 16:37:34,1038
u23,Coversation,Sociability,2013-05-08 16:41:25,2013-05-08 16:52:11,646
u23,Coversation,Sociability,2013-05-08 16:56:01,2013-05-08 16:58:22,141
u23,Coversation,Sociability,2013-05-08 17:02:03,2013-05-08 17:05:14,191
u23,Coversation,Sociability,2013-05-08 17:29:20,2013-05-08 17:35:23,363
u23,Coversation,Sociability,2013-05-08 17:43:35,2013-05-08 17:58:43,908
u23,Coversation,Sociability,2013-05-08 18:02:03,2013-05-08 18:03:44,101
u23,Coversation,Sociability,2013-05-08 18:31:07,2013-05-08 18:32:38,91
u23,Coversation,Sociability,2013-05-08 18:36:08,2013-05-08 18:37:29,81
u23,Coversation,Sociability,2013-05-08 19:01:43,2013-05-08 19:03:44,121
u23,Coversation,Sociability,2013-05-09 07:12:31,2013-05-09 07:15:12,161
u23,Coversation,Sociability,2013-05-09 07:19:43,2013-05-09 07:22:34,171
u23,Coversation,Sociability,2013-05-09 09:22:32,2013-05-09 09:24:53,141
u23,Coversation,Sociability,2013-05-09 11:09:10,2013-05-09 11:25:08,958
u23,Coversation,Sociability,2013-05-09 11:41:11,2013-05-09 11:43:12,121
u23,Coversation,Sociability,2013-05-09 12:14:56,2013-05-09 12:16:07,71
u23,Coversation,Sociability,2013-05-09 15:12:12,2013-05-09 15:16:03,231
u23,Coversation,Sociability,2013-05-09 15:28:15,2013-05-09 15:29:46,91
u23,Coversation,Sociability,2013-05-09 17:25:35,2013-05-09 17:27:16,101
u23,Coversation,Sociability,2013-05-09 17:27:26,2013-05-09 17:33:59,393
u23,Coversation,Sociability,2013-05-09 18:10:45,2013-05-09 18:12:26,101
u23,Coversation,Sociability,2013-05-09 18:16:36,2013-05-09 18:20:28,232
u23,Coversation,Sociability,2013-05-09 18:24:49,2013-05-09 18:30:52,363
u23,Coversation,Sociability,2013-05-10 04:47:05,2013-05-10 04:49:26,141
u23,Coversation,Sociability,2013-05-10 04:53:17,2013-05-10 04:57:49,272
u23,Coversation,Sociability,2013-05-10 05:01:09,2013-05-10 06:06:15,3906
u23,Coversation,Sociability,2013-05-10 07:26:47,2013-05-10 07:36:02,555
u23,Coversation,Sociability,2013-05-10 08:15:57,2013-05-10 08:17:08,71
u23,Coversation,Sociability,2013-05-10 13:57:26,2013-05-10 14:02:09,283
u23,Coversation,Sociability,2013-05-10 16:30:00,2013-05-10 16:31:10,70
u23,Coversation,Sociability,2013-05-10 16:55:14,2013-05-10 17:29:12,2038
u23,Coversation,Sociability,2013-05-10 17:37:13,2013-05-10 17:57:23,1210
u23,Coversation,Sociability,2013-05-10 18:13:36,2013-05-10 18:27:33,837
u23,Coversation,Sociability,2013-05-10 20:31:20,2013-05-10 20:33:11,111
u23,Coversation,Sociability,2013-05-11 06:13:54,2013-05-11 06:14:54,60
u23,Coversation,Sociability,2013-05-11 08:26:54,2013-05-11 08:28:04,70
u23,Coversation,Sociability,2013-05-11 10:03:59,2013-05-11 10:12:44,525
u23,Coversation,Sociability,2013-05-11 10:17:15,2013-05-11 10:21:37,262
u23,Coversation,Sociability,2013-05-11 10:25:48,2013-05-11 10:29:59,251
u23,Coversation,Sociability,2013-05-11 10:34:00,2013-05-11 10:49:08,908
u23,Coversation,Sociability,2013-05-11 10:53:09,2013-05-11 10:56:41,212
u23,Coversation,Sociability,2013-05-11 11:01:02,2013-05-11 11:42:43,2501
u23,Coversation,Sociability,2013-05-11 11:43:04,2013-05-11 11:49:27,383
u23,Coversation,Sociability,2013-05-11 11:52:47,2013-05-11 12:02:32,585
u23,Coversation,Sociability,2013-05-11 12:06:42,2013-05-11 12:41:50,2108
u23,Coversation,Sociability,2013-05-11 12:42:20,2013-05-11 12:53:47,687
u23,Coversation,Sociability,2013-05-11 12:58:18,2013-05-11 13:50:34,3136
u23,Coversation,Sociability,2013-05-11 13:58:05,2013-05-11 14:01:07,182
u23,Coversation,Sociability,2013-05-11 15:13:17,2013-05-11 15:14:27,70
u23,Coversation,Sociability,2013-05-11 15:22:19,2013-05-11 15:23:39,80
u23,Coversation,Sociability,2013-05-11 15:31:30,2013-05-11 15:32:10,40
u23,Coversation,Sociability,2013-05-11 15:36:11,2013-05-11 15:41:24,313
u23,Coversation,Sociability,2013-05-11 15:49:15,2013-05-11 15:52:26,191
u23,Coversation,Sociability,2013-05-11 15:56:27,2013-05-11 16:00:39,252
u23,Coversation,Sociability,2013-05-11 16:16:11,2013-05-11 16:22:44,393
u23,Coversation,Sociability,2013-05-11 16:54:19,2013-05-11 16:56:20,121
u23,Coversation,Sociability,2013-05-11 17:00:00,2013-05-11 17:05:43,343
u23,Coversation,Sociability,2013-05-11 17:37:19,2013-05-11 17:42:41,322
u23,Coversation,Sociability,2013-05-11 18:18:47,2013-05-11 18:20:58,131
u23,Coversation,Sociability,2013-05-11 18:24:49,2013-05-11 18:26:09,80
u23,Coversation,Sociability,2013-05-11 18:30:40,2013-05-11 18:36:13,333
u23,Coversation,Sociability,2013-05-11 18:52:15,2013-05-11 18:54:16,121
u23,Coversation,Sociability,2013-05-12 06:39:46,2013-05-12 06:40:26,40
u23,Coversation,Sociability,2013-05-12 06:52:48,2013-05-12 06:54:19,91
u23,Coversation,Sociability,2013-05-12 08:42:56,2013-05-12 08:44:27,91
u23,Coversation,Sociability,2013-05-12 10:16:50,2013-05-12 10:21:12,262
u23,Coversation,Sociability,2013-05-12 10:24:33,2013-05-12 10:42:01,1048
u23,Coversation,Sociability,2013-05-12 11:18:07,2013-05-12 11:19:27,80
u23,Coversation,Sociability,2013-05-12 13:51:10,2013-05-12 13:52:31,81
u23,Coversation,Sociability,2013-05-12 14:08:33,2013-05-12 14:11:34,181
u23,Coversation,Sociability,2013-05-12 14:51:22,2013-05-12 14:52:33,71
u23,Coversation,Sociability,2013-05-12 15:04:14,2013-05-12 15:05:55,101
u23,Coversation,Sociability,2013-05-12 15:22:38,2013-05-12 15:35:45,787
u23,Coversation,Sociability,2013-05-12 15:43:15,2013-05-12 15:50:29,434
u23,Coversation,Sociability,2013-05-12 16:50:48,2013-05-12 16:58:53,485
u23,Coversation,Sociability,2013-05-12 17:02:33,2013-05-12 17:04:24,111
u23,Coversation,Sociability,2013-05-13 04:45:16,2013-05-13 04:51:59,403
u23,Coversation,Sociability,2013-05-13 05:47:57,2013-05-13 05:50:38,161
u23,Coversation,Sociability,2013-05-13 06:02:50,2013-05-13 06:06:12,202
u23,Coversation,Sociability,2013-05-13 06:06:22,2013-05-13 06:09:13,171
u23,Coversation,Sociability,2013-05-13 06:13:44,2013-05-13 06:15:05,81
u23,Coversation,Sociability,2013-05-13 06:22:26,2013-05-13 06:32:51,625
u23,Coversation,Sociability,2013-05-13 06:41:03,2013-05-13 06:43:04,121
u23,Coversation,Sociability,2013-05-13 08:51:02,2013-05-13 08:52:12,70
u23,Coversation,Sociability,2013-05-13 09:04:04,2013-05-13 09:06:55,171
u23,Coversation,Sociability,2013-05-13 10:26:57,2013-05-13 10:28:28,91
u23,Coversation,Sociability,2013-05-13 11:32:27,2013-05-13 11:33:07,40
u23,Coversation,Sociability,2013-05-13 11:41:10,2013-05-13 11:42:20,70
u23,Coversation,Sociability,2013-05-13 11:46:11,2013-05-13 11:48:01,110
u23,Coversation,Sociability,2013-05-13 11:48:22,2013-05-13 11:54:35,373
u23,Coversation,Sociability,2013-05-13 11:58:25,2013-05-13 12:01:47,202
u23,Coversation,Sociability,2013-05-13 12:01:57,2013-05-13 12:08:40,403
u23,Coversation,Sociability,2013-05-13 12:13:21,2013-05-13 12:17:03,222
u23,Coversation,Sociability,2013-05-13 12:33:05,2013-05-13 12:34:16,71
u23,Coversation,Sociability,2013-05-13 13:54:27,2013-05-13 13:56:58,151
u23,Coversation,Sociability,2013-05-13 14:21:02,2013-05-13 14:22:12,70
u23,Coversation,Sociability,2013-05-13 14:30:24,2013-05-13 14:31:34,70
u23,Coversation,Sociability,2013-05-13 19:44:00,2013-05-13 19:48:32,272
u23,Coversation,Sociability,2013-05-14 03:21:51,2013-05-14 03:33:17,686
u23,Coversation,Sociability,2013-05-14 03:45:09,2013-05-14 04:08:22,1393
u23,Coversation,Sociability,2013-05-14 07:16:59,2013-05-14 07:18:20,81
u23,Coversation,Sociability,2013-05-14 07:26:11,2013-05-14 07:28:22,131
u23,Coversation,Sociability,2013-05-14 11:41:28,2013-05-14 11:42:39,71
u23,Coversation,Sociability,2013-05-14 12:30:15,2013-05-14 12:31:26,71
u23,Coversation,Sociability,2013-05-14 12:34:57,2013-05-14 12:36:38,101
u23,Coversation,Sociability,2013-05-14 12:40:18,2013-05-14 12:44:00,222
u23,Coversation,Sociability,2013-05-14 14:32:16,2013-05-14 14:44:52,756
u23,Coversation,Sociability,2013-05-14 14:48:12,2013-05-14 14:59:08,656
u23,Coversation,Sociability,2013-05-14 14:59:08,2013-05-14 15:01:09,121
u23,Coversation,Sociability,2013-05-14 15:17:22,2013-05-14 15:18:33,71
u23,Coversation,Sociability,2013-05-14 15:26:24,2013-05-14 15:33:28,424
u23,Coversation,Sociability,2013-05-14 15:49:41,2013-05-14 15:53:02,201
u23,Coversation,Sociability,2013-05-14 15:56:43,2013-05-14 16:06:27,584
u23,Coversation,Sociability,2013-05-14 16:18:49,2013-05-14 16:24:02,313
u23,Coversation,Sociability,2013-05-14 16:35:34,2013-05-14 16:37:34,120
u23,Coversation,Sociability,2013-05-14 16:41:45,2013-05-14 16:47:28,343
u23,Coversation,Sociability,2013-05-14 17:31:25,2013-05-14 17:32:35,70
u23,Coversation,Sociability,2013-05-14 19:16:30,2013-05-14 19:18:41,131
u23,Coversation,Sociability,2013-05-14 19:39:04,2013-05-14 19:43:26,262
u23,Coversation,Sociability,2013-05-14 19:59:48,2013-05-14 20:01:19,91
u23,Coversation,Sociability,2013-05-15 04:23:26,2013-05-15 04:24:37,71
u23,Coversation,Sociability,2013-05-15 04:36:09,2013-05-15 04:42:42,393
u23,Coversation,Sociability,2013-05-15 04:46:22,2013-05-15 05:27:54,2492
u23,Coversation,Sociability,2013-05-15 05:31:21,2013-05-15 05:37:05,344
u23,Coversation,Sociability,2013-05-15 05:40:25,2013-05-15 05:56:13,948
u23,Coversation,Sociability,2013-05-15 05:56:54,2013-05-15 06:00:36,222
u23,Coversation,Sociability,2013-05-15 10:17:13,2013-05-15 10:18:24,71
u23,Coversation,Sociability,2013-05-15 17:06:53,2013-05-15 17:07:53,60
u23,Coversation,Sociability,2013-05-15 17:11:54,2013-05-15 17:12:34,40
u23,Coversation,Sociability,2013-05-15 18:44:38,2013-05-15 18:54:23,585
u23,Coversation,Sociability,2013-05-15 19:26:48,2013-05-15 19:35:52,544
u23,Coversation,Sociability,2013-05-15 19:40:03,2013-05-15 19:43:47,224
u23,Coversation,Sociability,2013-05-16 04:36:40,2013-05-16 04:38:20,100
u23,Coversation,Sociability,2013-05-16 07:19:03,2013-05-16 07:21:54,171
u23,Coversation,Sociability,2013-05-16 12:58:04,2013-05-16 13:07:59,595
u23,Coversation,Sociability,2013-05-16 13:12:20,2013-05-16 13:15:22,182
u23,Coversation,Sociability,2013-05-16 13:23:33,2013-05-16 13:26:04,151
u23,Coversation,Sociability,2013-05-16 16:46:24,2013-05-16 17:19:10,1966
u23,Coversation,Sociability,2013-05-16 18:27:00,2013-05-16 18:33:33,393
u23,Coversation,Sociability,2013-05-17 05:14:59,2013-05-17 05:15:59,60
u23,Coversation,Sociability,2013-05-17 12:52:22,2013-05-17 12:53:23,61
u23,Coversation,Sociability,2013-05-17 13:01:14,2013-05-17 13:04:25,191
u23,Coversation,Sociability,2013-05-17 13:08:46,2013-05-17 13:11:07,141
u23,Coversation,Sociability,2013-05-17 13:11:17,2013-05-17 13:12:48,91
u23,Coversation,Sociability,2013-05-17 13:40:43,2013-05-17 13:44:55,252
u23,Coversation,Sociability,2013-05-17 14:36:12,2013-05-17 14:37:23,71
u23,Coversation,Sociability,2013-05-17 14:37:33,2013-05-17 14:39:14,101
u23,Coversation,Sociability,2013-05-17 15:27:31,2013-05-17 15:28:42,71
u23,Coversation,Sociability,2013-05-17 15:40:54,2013-05-17 15:41:34,40
u23,Coversation,Sociability,2013-05-17 15:53:56,2013-05-17 15:56:38,162
u23,Coversation,Sociability,2013-05-17 16:04:59,2013-05-17 16:06:20,81
u23,Coversation,Sociability,2013-05-17 16:27:03,2013-05-17 16:29:04,121
u23,Coversation,Sociability,2013-05-17 16:40:56,2013-05-17 16:43:57,181
u23,Coversation,Sociability,2013-05-17 17:28:04,2013-05-17 17:30:05,121
u23,Coversation,Sociability,2013-05-17 17:38:06,2013-05-17 17:39:26,80
u23,Coversation,Sociability,2013-05-17 18:04:00,2013-05-17 18:05:11,71
u23,Coversation,Sociability,2013-05-17 18:57:09,2013-05-17 18:59:00,111
u23,Coversation,Sociability,2013-05-17 19:14:43,2013-05-17 19:18:04,201
u23,Coversation,Sociability,2013-05-17 19:21:44,2013-05-17 19:24:56,192
u23,Coversation,Sociability,2013-05-17 19:33:07,2013-05-17 19:36:29,202
u23,Coversation,Sociability,2013-05-17 19:56:02,2013-05-17 19:58:24,142
u23,Coversation,Sociability,2013-05-17 20:09:55,2013-05-17 20:11:46,111
u23,Coversation,Sociability,2013-05-17 20:16:07,2013-05-17 20:18:48,161
u23,Coversation,Sociability,2013-05-17 20:22:59,2013-05-17 20:27:33,274
u23,Coversation,Sociability,2013-05-18 07:00:08,2013-05-18 07:05:41,333
u23,Coversation,Sociability,2013-05-18 07:10:22,2013-05-18 07:14:03,221
u23,Coversation,Sociability,2013-05-18 08:37:56,2013-05-18 08:43:49,353
u23,Coversation,Sociability,2013-05-18 08:44:29,2013-05-18 08:45:30,61
u23,Coversation,Sociability,2013-05-18 11:41:45,2013-05-18 11:43:36,111
u23,Coversation,Sociability,2013-05-18 12:23:42,2013-05-18 12:24:22,40
u23,Coversation,Sociability,2013-05-18 13:20:31,2013-05-18 13:23:02,151
u23,Coversation,Sociability,2013-05-18 14:06:48,2013-05-18 14:08:49,121
u23,Coversation,Sociability,2013-05-18 14:12:29,2013-05-18 14:18:13,344
u23,Coversation,Sociability,2013-05-18 14:46:57,2013-05-18 14:52:30,333
u23,Coversation,Sociability,2013-05-18 15:36:43,2013-05-18 15:41:15,272
u23,Coversation,Sociability,2013-05-18 15:45:06,2013-05-18 15:47:57,171
u23,Coversation,Sociability,2013-05-18 16:51:56,2013-05-18 16:53:07,71
u23,Coversation,Sociability,2013-05-18 17:33:13,2013-05-18 17:33:54,41
u23,Coversation,Sociability,2013-05-18 17:42:15,2013-05-18 17:43:15,60
u23,Coversation,Sociability,2013-05-18 17:47:06,2013-05-18 17:47:46,40
u23,Coversation,Sociability,2013-05-18 17:48:06,2013-05-18 17:49:17,71
u23,Coversation,Sociability,2013-05-18 18:00:59,2013-05-18 18:02:30,91
u23,Coversation,Sociability,2013-05-19 03:39:48,2013-05-19 03:55:06,918
u23,Coversation,Sociability,2013-05-19 07:27:08,2013-05-19 07:28:39,91
u23,Coversation,Sociability,2013-05-19 12:16:53,2013-05-19 12:20:35,222
u23,Coversation,Sociability,2013-05-19 12:24:56,2013-05-19 12:27:47,171
u23,Coversation,Sociability,2013-05-19 12:31:18,2013-05-19 12:59:33,1695
u23,Coversation,Sociability,2013-05-19 13:00:03,2013-05-19 13:21:04,1261
u23,Coversation,Sociability,2013-05-19 13:24:34,2013-05-19 13:44:29,1195
u23,Coversation,Sociability,2013-05-19 13:56:51,2013-05-19 14:02:44,353
u23,Coversation,Sociability,2013-05-19 14:02:54,2013-05-19 14:04:45,111
u23,Coversation,Sociability,2013-05-19 14:08:56,2013-05-19 14:19:05,609
u23,Coversation,Sociability,2013-05-19 14:34:27,2013-05-19 14:51:56,1049
u23,Coversation,Sociability,2013-05-19 15:20:00,2013-05-19 15:21:10,70
u23,Coversation,Sociability,2013-05-19 15:40:33,2013-05-19 15:41:54,81
u23,Coversation,Sociability,2013-05-19 15:57:46,2013-05-19 16:00:57,191
u23,Coversation,Sociability,2013-05-19 16:13:09,2013-05-19 16:14:20,71
u23,Coversation,Sociability,2013-05-19 17:54:14,2013-05-19 18:12:23,1089
u23,Coversation,Sociability,2013-05-19 18:52:18,2013-05-19 18:53:59,101
u23,Coversation,Sociability,2013-05-20 05:59:07,2013-05-20 06:03:09,242
u23,Coversation,Sociability,2013-05-20 06:18:51,2013-05-20 06:22:33,222
u23,Coversation,Sociability,2013-05-20 06:25:53,2013-05-20 06:27:04,71
u23,Coversation,Sociability,2013-05-20 06:35:25,2013-05-20 06:36:36,71
u23,Coversation,Sociability,2013-05-20 07:20:22,2013-05-20 07:21:22,60
u23,Coversation,Sociability,2013-05-20 08:01:28,2013-05-20 08:03:09,101
u23,Coversation,Sociability,2013-05-20 08:03:29,2013-05-20 08:04:20,51
u23,Coversation,Sociability,2013-05-20 08:44:36,2013-05-20 08:46:27,111
u23,Coversation,Sociability,2013-05-20 09:34:23,2013-05-20 09:35:14,51
u23,Coversation,Sociability,2013-05-20 10:43:44,2013-05-20 10:53:20,576
u23,Coversation,Sociability,2013-05-20 11:53:40,2013-05-20 11:55:20,100
u23,Coversation,Sociability,2013-05-20 13:39:46,2013-05-20 13:52:22,756
u23,Coversation,Sociability,2013-05-20 14:04:54,2013-05-20 14:11:17,383
u23,Coversation,Sociability,2013-05-20 15:59:15,2013-05-20 16:00:05,50
u23,Coversation,Sociability,2013-05-20 16:40:11,2013-05-20 16:41:32,81
u23,Coversation,Sociability,2013-05-20 18:08:55,2013-05-20 18:38:40,1785
u23,Coversation,Sociability,2013-05-20 18:42:01,2013-05-20 18:43:41,100
u23,Coversation,Sociability,2013-05-20 18:58:53,2013-05-20 19:04:46,353
u23,Coversation,Sociability,2013-05-21 05:30:07,2013-05-21 05:32:08,121
u23,Coversation,Sociability,2013-05-21 05:44:30,2013-05-21 05:47:02,152
u23,Coversation,Sociability,2013-05-21 06:55:21,2013-05-21 07:01:24,363
u23,Coversation,Sociability,2013-05-21 07:05:15,2013-05-21 07:06:56,101
u23,Coversation,Sociability,2013-05-21 07:18:28,2013-05-21 07:20:49,141
u23,Coversation,Sociability,2013-05-21 07:28:40,2013-05-21 07:32:02,202
u23,Coversation,Sociability,2013-05-21 07:56:35,2013-05-21 07:58:36,121
u23,Coversation,Sociability,2013-05-21 08:18:29,2013-05-21 08:20:20,111
u23,Coversation,Sociability,2013-05-21 08:24:30,2013-05-21 08:27:22,172
u23,Coversation,Sociability,2013-05-21 10:00:25,2013-05-21 10:04:58,273
u23,Coversation,Sociability,2013-05-21 10:05:28,2013-05-21 10:09:30,242
u23,Coversation,Sociability,2013-05-21 10:13:20,2013-05-21 10:14:51,91
u23,Coversation,Sociability,2013-05-21 12:07:56,2013-05-21 12:10:27,151
u23,Coversation,Sociability,2013-05-21 12:54:24,2013-05-21 12:55:34,70
u23,Coversation,Sociability,2013-05-21 15:39:39,2013-05-21 15:41:30,111
u23,Coversation,Sociability,2013-05-21 16:09:24,2013-05-21 16:16:58,454
u23,Coversation,Sociability,2013-05-21 16:17:28,2013-05-21 16:19:39,131
u23,Coversation,Sociability,2013-05-21 17:11:17,2013-05-21 17:31:27,1210
u23,Coversation,Sociability,2013-05-21 19:19:53,2013-05-21 19:21:04,71
u23,Coversation,Sociability,2013-05-22 08:57:45,2013-05-22 09:03:18,333
u23,Coversation,Sociability,2013-05-22 10:06:48,2013-05-22 10:09:09,141
u23,Coversation,Sociability,2013-05-22 10:21:01,2013-05-22 10:28:44,463
u23,Coversation,Sociability,2013-05-22 10:32:55,2013-05-22 10:33:56,61
u23,Coversation,Sociability,2013-05-22 12:46:16,2013-05-22 12:49:37,201
u23,Coversation,Sociability,2013-05-22 15:09:08,2013-05-22 15:12:09,181
u23,Coversation,Sociability,2013-05-22 15:16:40,2013-05-22 15:17:31,51
u23,Coversation,Sociability,2013-05-22 15:21:21,2013-05-22 15:22:32,71
u23,Coversation,Sociability,2013-05-22 15:46:15,2013-05-22 15:49:17,182
u23,Coversation,Sociability,2013-05-22 17:05:47,2013-05-22 17:08:59,192
u23,Coversation,Sociability,2013-05-22 17:20:30,2013-05-22 17:24:32,242
u23,Coversation,Sociability,2013-05-22 19:16:50,2013-05-22 19:18:31,101
u23,Coversation,Sociability,2013-05-22 19:26:42,2013-05-22 19:30:04,202
u23,Coversation,Sociability,2013-05-23 06:02:34,2013-05-23 06:12:01,567
u23,Coversation,Sociability,2013-05-23 07:20:12,2013-05-23 07:21:53,101
u23,Coversation,Sociability,2013-05-23 07:38:15,2013-05-23 07:39:25,70
u23,Coversation,Sociability,2013-05-23 08:58:47,2013-05-23 09:33:35,2088
u23,Coversation,Sociability,2013-05-23 09:36:55,2013-05-23 10:57:57,4862
u23,Coversation,Sociability,2013-05-23 11:01:57,2013-05-23 11:03:28,91
u23,Coversation,Sociability,2013-05-23 11:06:59,2013-05-23 11:08:29,90
u23,Coversation,Sociability,2013-05-23 11:12:10,2013-05-23 11:28:50,1000
u23,Coversation,Sociability,2013-05-23 11:29:10,2013-05-23 11:30:20,70
